-- phpMyAdmin SQL Dump
-- version 5.2.1
-- https://www.phpmyadmin.net/
--
-- Máy chủ: 127.0.0.1
-- Thời gian đã tạo: Th2 28, 2025 lúc 04:03 PM
-- Phiên bản máy phục vụ: 10.4.32-MariaDB
-- Phiên bản PHP: 8.1.25

SET SQL_MODE = "NO_AUTO_VALUE_ON_ZERO";
START TRANSACTION;
SET time_zone = "+00:00";


/*!40101 SET @OLD_CHARACTER_SET_CLIENT=@@CHARACTER_SET_CLIENT */;
/*!40101 SET @OLD_CHARACTER_SET_RESULTS=@@CHARACTER_SET_RESULTS */;
/*!40101 SET @OLD_COLLATION_CONNECTION=@@COLLATION_CONNECTION */;
/*!40101 SET NAMES utf8mb4 */;

--
-- Cơ sở dữ liệu: `on_tap`
--

-- --------------------------------------------------------

--
-- Cấu trúc bảng cho bảng `banners`
--

CREATE TABLE `banners` (
  `id` int(11) NOT NULL,
  `name` varchar(100) NOT NULL,
  `link` varchar(100) NOT NULL DEFAULT '#',
  `image` varchar(100) NOT NULL,
  `description` varchar(255) NOT NULL,
  `position` varchar(100) DEFAULT 'top-banner',
  `prioty` tinyint(4) DEFAULT 0,
  `status` tinyint(1) DEFAULT 0,
  `created_at` date DEFAULT current_timestamp(),
  `updated_at` date DEFAULT NULL
) ENGINE=InnoDB DEFAULT CHARSET=utf8mb4 COLLATE=utf8mb4_general_ci;

--
-- Đang đổ dữ liệu cho bảng `banners`
--

INSERT INTO `banners` (`id`, `name`, `link`, `image`, `description`, `position`, `prioty`, `status`, `created_at`, `updated_at`) VALUES
(1, 'My Shop', '{{ route(\'home.category\') }}', 'banner_bg.png', '<p>##############</p>', 'top-banner', 0, 1, '2024-08-06', '2024-08-22'),
(2, 'gallery 1', '{{ route(\'home.category\') }}', '5B4dEPM7QEaLIm83gG7ubLBgGwpWEKpY6Qfw6eFt.jpg', '<p>########</p>', 'gallery', 0, 1, '2024-08-21', '2024-08-21'),
(3, 'gallery 2', '{{ route(\'home.category\') }}', 'sJSVDsoQrnLYCKjgmVKair1cOkWCOq8cbCxvRs49.jpg', '<p>##########</p>', 'gallery', 0, 1, '2024-08-21', '2024-08-21'),
(4, 'gallery 3', '{{ route(\'home.category\') }}', '83bDoSRGlimUjgdRa11DLVEwE9H2TBprRrz6s6cj.jpg', '<p>#############</p>', 'gallery', 0, 1, '2024-08-21', '2024-08-21');

-- --------------------------------------------------------

--
-- Cấu trúc bảng cho bảng `blogs`
--

CREATE TABLE `blogs` (
  `id` int(11) NOT NULL,
  `name` varchar(100) NOT NULL,
  `link` varchar(100) NOT NULL DEFAULT '#',
  `image` varchar(100) NOT NULL,
  `description` varchar(255) NOT NULL,
  `position` varchar(100) DEFAULT 'top-banner',
  `status` tinyint(1) DEFAULT 0,
  `created_at` date DEFAULT current_timestamp(),
  `updated_at` date DEFAULT NULL
) ENGINE=InnoDB DEFAULT CHARSET=utf8mb4 COLLATE=utf8mb4_general_ci;

--
-- Đang đổ dữ liệu cho bảng `blogs`
--

INSERT INTO `blogs` (`id`, `name`, `link`, `image`, `description`, `position`, `status`, `created_at`, `updated_at`) VALUES
(1, 'Hamburg Meat is Animal Flesh Food', '#', 'blog_post01.jpg', 'Meat provide well shapd fresh and organic meat well animals is Humans', 'top-banner', 1, '2024-08-13', '2024-08-13'),
(2, 'Good Source of Iron And Flesh Food', '#', 'blog_post02.jpg', 'Meat provide well shapd fresh and organic meat well animals is Humans', 'top-banner', 2, '2024-08-13', '2024-08-13'),
(3, 'Chicken Sausage For Sale Humanely Raised', '#', 'blog_post03.jpg', 'Meat provide well shapd fresh and organic meat well animals is Humans', 'top-banner', 3, '2024-08-13', '2024-08-13');

-- --------------------------------------------------------

--
-- Cấu trúc bảng cho bảng `carts`
--

CREATE TABLE `carts` (
  `customer_id` int(11) NOT NULL,
  `product_id` int(11) NOT NULL,
  `price` float(10,2) NOT NULL,
  `quantity` int(11) NOT NULL
) ENGINE=InnoDB DEFAULT CHARSET=utf8mb4 COLLATE=utf8mb4_general_ci;

--
-- Đang đổ dữ liệu cho bảng `carts`
--

INSERT INTO `carts` (`customer_id`, `product_id`, `price`, `quantity`) VALUES
(1, 1, 5250000.00, 1),
(1, 2, 6200000.00, 1),
(9, 1, 5250000.00, 1),
(9, 2, 6200000.00, 2),
(9, 7, 3000000.00, 2),
(9, 8, 3240000.00, 1),
(9, 9, 1150000.00, 2),
(9, 10, 2150000.00, 1),
(9, 16, 414000.00, 4),
(13, 1, 5250000.00, 3);

-- --------------------------------------------------------

--
-- Cấu trúc bảng cho bảng `categories`
--

CREATE TABLE `categories` (
  `id` int(11) NOT NULL,
  `name` varchar(100) NOT NULL,
  `status` tinyint(1) DEFAULT 0,
  `created_at` datetime(6) DEFAULT NULL,
  `updated_at` datetime(6) DEFAULT NULL
) ENGINE=InnoDB DEFAULT CHARSET=utf8mb4 COLLATE=utf8mb4_general_ci;

--
-- Đang đổ dữ liệu cho bảng `categories`
--

INSERT INTO `categories` (`id`, `name`, `status`, `created_at`, `updated_at`) VALUES
(1, 'Thịt Bò Kobe', 1, '2024-08-21 00:00:00.000000', '2024-08-21 00:00:00.000000'),
(2, 'Thịt bò Wagyu Nhật Bản', 1, '2024-08-21 00:00:00.000000', '2024-08-21 00:00:00.000000'),
(3, 'Bò Wagyu Úc', 1, '2024-08-21 00:00:00.000000', '2024-08-21 00:00:00.000000'),
(4, 'Thịt Bò Mỹ', 1, '2024-08-21 00:00:00.000000', '2024-08-21 00:00:00.000000'),
(5, 'Thịt Bò Úc', 1, '2024-08-21 00:00:00.000000', '2024-08-21 00:00:00.000000'),
(6, 'Thịt bò Hokubee', 1, '2024-08-21 00:00:00.000000', '2024-08-21 00:00:00.000000');

-- --------------------------------------------------------

--
-- Cấu trúc bảng cho bảng `comments`
--

CREATE TABLE `comments` (
  `id` int(11) NOT NULL,
  `customer_id` int(11) NOT NULL,
  `blog_id` int(11) NOT NULL,
  `comment` text DEFAULT NULL,
  `status` tinyint(1) DEFAULT 0,
  `created_at` datetime(6) DEFAULT NULL,
  `updated_at` datetime(6) DEFAULT NULL
) ENGINE=InnoDB DEFAULT CHARSET=utf8mb4 COLLATE=utf8mb4_general_ci;

--
-- Đang đổ dữ liệu cho bảng `comments`
--

INSERT INTO `comments` (`id`, `customer_id`, `blog_id`, `comment`, `status`, `created_at`, `updated_at`) VALUES
(4, 9, 2, 'rấc k ngonnnn', 0, '2024-09-09 00:00:00.000000', '2024-09-09 00:00:00.000000'),
(9, 13, 1, 'rất ngon lần khác sẽ quay lại dài dài luôn', 0, '2025-02-28 04:39:51.000000', '2025-02-28 04:40:08.000000');

-- --------------------------------------------------------

--
-- Cấu trúc bảng cho bảng `contacts`
--

CREATE TABLE `contacts` (
  `id` int(11) NOT NULL,
  `name` varchar(255) DEFAULT NULL,
  `status` int(11) DEFAULT NULL,
  `email` varchar(255) DEFAULT NULL,
  `subject` varchar(255) DEFAULT NULL,
  `message` varchar(255) DEFAULT NULL,
  `created_at` date DEFAULT current_timestamp(),
  `updated_at` date DEFAULT NULL
) ENGINE=InnoDB DEFAULT CHARSET=utf8mb4 COLLATE=utf8mb4_general_ci;

--
-- Đang đổ dữ liệu cho bảng `contacts`
--

INSERT INTO `contacts` (`id`, `name`, `status`, `email`, `subject`, `message`, `created_at`, `updated_at`) VALUES
(1, 'Thế Trần', 1, 'thetg.22ba13293@usth.edu.vn', 'chủ ddeef cần phản hồi', 'không nên nuôi hi vọng', '2024-08-22', '2024-09-02'),
(2, 'Nguyễn Tùng Thanh', 1, 'ngtung2004@gmail.com', 'test website', 'abcd bahs hgsgaha', '2024-09-02', '2024-09-02');

-- --------------------------------------------------------

--
-- Cấu trúc bảng cho bảng `customers`
--

CREATE TABLE `customers` (
  `id` int(11) NOT NULL,
  `name` varchar(100) NOT NULL,
  `email` varchar(100) NOT NULL,
  `phone` varchar(100) NOT NULL,
  `address` varchar(100) DEFAULT NULL,
  `gender` int(11) NOT NULL,
  `password` varchar(200) NOT NULL,
  `email_verified_at` datetime(6) DEFAULT NULL,
  `created_at` datetime(6) DEFAULT NULL,
  `updated_at` datetime(6) DEFAULT NULL
) ENGINE=InnoDB DEFAULT CHARSET=utf8mb4 COLLATE=utf8mb4_general_ci;

--
-- Đang đổ dữ liệu cho bảng `customers`
--

INSERT INTO `customers` (`id`, `name`, `email`, `phone`, `address`, `gender`, `password`, `email_verified_at`, `created_at`, `updated_at`) VALUES
(1, 'Nguyễn Văn Anh', 'svbkhn2023@gmail.com', '0986421127', 'Hà Nội', 0, '', NULL, '2025-02-18 22:37:41.000000', NULL),
(2, 'Nguyễn Tùng Thanh', '20222052@eaut.edu.vn', '0976956191', 'Hóa Quỳ, Như Xuân, Thanh Hóa', 1, '$2y$12$/9VsffOIGWDtUqPQnxw/oedkcKlwH1z5WVYXCvs1eA7k.lQWSjZ1G', NULL, '2024-08-12 00:00:00.000000', '2024-08-12 00:00:00.000000'),
(8, 'Nguyễn Tùng Thanh', 'ngtung2004@gmail.com', '0976956192', 'thanh xuân hà nội', 1, '$2y$12$ySf8yQ2mDKpNslgL4n6c4eD5soxFziAyDEM9lq/ZjxCTc6w8GC9hu', '2024-08-13 00:00:00.000000', '2024-08-13 00:00:00.000000', '2024-08-13 00:00:00.000000'),
(9, 'Nguyễn Tùng Thanh', 'tung2004w@gmail.com', '0976956193', 'thanh xuân hà nội', 1, '$2y$12$b19rKNBwXsvxOS6A9nbPb.RLgqYwZO.Ma3rKfdfi7/CNe2hgMNz/.', '2024-08-15 00:00:00.000000', '2024-08-15 00:00:00.000000', '2024-08-15 00:00:00.000000'),
(10, 'Trần Gia Thế', 'thetg.22ba13293@usth.edu.vn', '0394631391', 'ssssssss', 1, '$2y$12$u7YvHMORtXORaF4vlOeqIulZflCinU7EART7Bzsdt/1wMownAnE9e', '2024-08-13 00:00:00.000000', '2024-08-13 00:00:00.000000', '2025-02-28 04:23:43.000000'),
(11, 'Nguyễn Tùng Thanh Nguyễn', '20222053@eaut.edu.vn', '0976956194', 'Hóa Quỳ, Như Xuân, Thanh Hóa', 1, '$2y$12$b9426BsnBqPrvN0ofR2kmOQp1wA.GK5c6rpE4rYpkDhVRq3ZM7HHK', NULL, '2024-09-10 00:00:00.000000', '2024-09-10 00:00:00.000000'),
(13, 'Nguyễn Tùng Thanh Nguyễn', 'lethingocanh090604@gmail.com', '0976956195', 'Hóa Quỳ, Như Xuân, Thanh Hóa', 1, '$2y$12$87CbJmnAEGAlmU4wcOh3ZOYCMC4eNyo5HLY9q1NlwSiog9Oacd2se', '2024-09-10 00:00:00.000000', '2024-09-10 00:00:00.000000', '2024-09-10 00:00:00.000000'),
(15, 'Nguyễn Tùng Thanh', 'dhcndonga123@gmail.com', '0976956123', 'thanh xuân hà nội', 1, '$2y$12$Os/1BClwL6RQvN7sr3HOVuUDewWY2ejWFLsb/tDzXJ1V2yLW5C1Iq', '2025-02-26 00:00:00.000000', '2025-02-26 08:28:35.000000', '2025-02-26 08:41:14.000000'),
(22, 'Nguyễn Tùng Thanh', 'ngtung2005@gmail.com', '0976956144', 'thanh xuân hà nội', 1, '$2y$12$37fGJIYdFN25N3LfnfITfORIKh1uvL11HJuwnEXYbQivrf26yyvOq', NULL, '2025-02-28 03:43:44.000000', '2025-02-28 03:43:44.000000'),
(24, 'Nguyễn Tùng Thanh', 'ngtung2006@gmail.com', '0976956344', 'thanh xuân hà nội', 1, '$2y$12$UXKZzDGYlQUfhEtebIA3cOOuKav3HMF1Jc.v9xG0aIezBStfZNucK', NULL, '2025-02-28 03:48:43.000000', '2025-02-28 03:48:43.000000');

-- --------------------------------------------------------

--
-- Cấu trúc bảng cho bảng `customer_reset_tokens`
--

CREATE TABLE `customer_reset_tokens` (
  `email` varchar(100) NOT NULL,
  `token` varchar(100) NOT NULL,
  `created_at` date DEFAULT current_timestamp(),
  `updated_at` date DEFAULT NULL
) ENGINE=InnoDB DEFAULT CHARSET=utf8mb4 COLLATE=utf8mb4_general_ci;

--
-- Đang đổ dữ liệu cho bảng `customer_reset_tokens`
--

INSERT INTO `customer_reset_tokens` (`email`, `token`, `created_at`, `updated_at`) VALUES
('dhcndonga123@gmail.com', 'Mgo31puY3ieKPg91rJjVZSlWt71YFGMzehM1dBF81kyUD0uxEw', '2025-02-26', '2025-02-26');

-- --------------------------------------------------------

--
-- Cấu trúc bảng cho bảng `favorites`
--

CREATE TABLE `favorites` (
  `id` int(11) NOT NULL,
  `customer_id` int(11) NOT NULL,
  `product_id` int(11) NOT NULL,
  `created_at` date DEFAULT current_timestamp(),
  `updated_at` date DEFAULT NULL
) ENGINE=InnoDB DEFAULT CHARSET=utf8mb4 COLLATE=utf8mb4_general_ci;

--
-- Đang đổ dữ liệu cho bảng `favorites`
--

INSERT INTO `favorites` (`id`, `customer_id`, `product_id`, `created_at`, `updated_at`) VALUES
(28, 9, 2, '2024-09-09', '2024-09-09'),
(29, 9, 1, '2024-09-09', '2024-09-09'),
(30, 9, 10, '2024-09-09', '2024-09-09'),
(32, 13, 16, '2024-09-10', '2024-09-10'),
(33, 15, 1, '2025-02-26', '2025-02-26');

-- --------------------------------------------------------

--
-- Cấu trúc bảng cho bảng `migrations`
--

CREATE TABLE `migrations` (
  `id` int(10) UNSIGNED NOT NULL,
  `migration` varchar(255) NOT NULL,
  `batch` int(11) NOT NULL
) ENGINE=InnoDB DEFAULT CHARSET=utf8mb4 COLLATE=utf8mb4_unicode_ci;

-- --------------------------------------------------------

--
-- Cấu trúc bảng cho bảng `orders`
--

CREATE TABLE `orders` (
  `id` int(11) NOT NULL,
  `name` varchar(100) DEFAULT NULL,
  `email` varchar(100) DEFAULT NULL,
  `phone` int(11) DEFAULT NULL,
  `address` varchar(100) DEFAULT NULL,
  `token` varchar(50) DEFAULT NULL,
  `customer_id` int(11) NOT NULL,
  `status` int(11) NOT NULL,
  `created_at` date DEFAULT current_timestamp(),
  `updated_at` date DEFAULT NULL,
  `payment_method` tinyint(1) DEFAULT NULL,
  `transactionId` varchar(255) DEFAULT NULL
) ENGINE=InnoDB DEFAULT CHARSET=utf8mb4 COLLATE=utf8mb4_general_ci;

--
-- Đang đổ dữ liệu cho bảng `orders`
--

INSERT INTO `orders` (`id`, `name`, `email`, `phone`, `address`, `token`, `customer_id`, `status`, `created_at`, `updated_at`, `payment_method`, `transactionId`) VALUES
(1, 'Nguyễn Tùng Thanh', 'tung2004w@gmail.com', 976956193, 'thanh xuân hà nội', 'TfE6TEzftMkCMxlHGHDHaQ4EbJLbH8H7wgqkKQug', 9, 2, '2024-08-21', '2024-08-22', 0, '0'),
(2, 'Nguyễn Tùng Thanh', 'tung2004w@gmail.com', 976956193, 'thanh xuân hà nội', 'vmxoQ6nFiDEiKEWM2qA2ECdPOlKgOSPSag0sezNs', 9, 3, '2024-08-21', '2024-08-22', 0, '0'),
(3, 'Nguyễn Tùng Thanh', 'tung2004w@gmail.com', 976956193, 'thanh xuân hà nội', 'TnCOU8sV7TOn3g22aVxWx2BVjhqegauAvfJFdOMY', 9, 2, '2024-08-22', '2024-08-22', 0, '0'),
(4, 'Nguyễn Tùng Thanh', 'tung2004w@gmail.com', 976956193, 'thanh xuân hà nội', 'gIFp3BtgoULnjaVGOTVHkfzZGnfXjVcBYIJ4oXwo', 9, 3, '2024-08-22', '2025-02-11', 0, '0'),
(5, 'Trần Gia Thế', 'thetg.22ba13293@usth.edu.vn', 394631391, 'ssssssss', 'IvMD5eiwm4Bf28TspiBYmpcshNSU4Baw7nNQrK6o', 10, 3, '2024-08-22', '2024-09-02', 0, '0'),
(6, 'Nguyễn Tùng Thanh', 'tung2004w@gmail.com', 976956193, 'thanh xuân hà nội', 'qbG5STHBtpB7aidOiE4HJnbeKPZVG6j5mBFguwhB', 9, 1, '2024-09-02', '2024-09-02', 0, '0'),
(7, 'Nguyễn Tùng Thanh Nguyễn', 'lethingocanh090604@gmail.com', 976956195, 'Hóa Quỳ, Như Xuân, Thanh Hóa', 'pksQ8nphcyVjZPO0TvTAM2CXUyi2i5qtBmLOLpON', 13, 3, '2024-09-10', '2025-02-28', 0, '0'),
(8, 'Nguyễn Tùng Thanh Nguyễn', 'lethingocanh090604@gmail.com', 976956195, 'Hóa Quỳ, Như Xuân, Thanh Hóa', 'tPkvZcbPGf9b3eJZAf6s1Bv4509rXCf2DQZrb119', 13, 2, '2025-02-17', '2025-02-17', 0, '0'),
(9, 'Nguyễn Tùng Thanh', 'dhcndonga123@gmail.com', 976956123, 'Thanh Hóa', NULL, 15, 1, '2025-02-26', '2025-02-26', 0, '0'),
(10, 'Nguyễn Tùng Thanh', 'dhcndonga123@gmail.com', 976956123, 'TH', 'g4PwdO8FwMnzJJ1ttsSNygUHjjcm8QgWJKp1wJbW', 15, 0, '2025-02-26', '2025-02-26', 0, '0'),
(11, 'Trần Gia Thế', 'thetg.22ba13293@usth.edu.vn', 394631391, 'ssssssss', NULL, 10, 3, '2025-02-28', '2025-02-28', 0, '0'),
(12, 'Trần Gia Thế', 'thetg.22ba13293@usth.edu.vn', 394631391, 'ssssssss', '5ljXIROOBP3e8wTzIAlgM3ob3kXHSa6TQxWKqCth', 10, 0, '2025-02-28', '2025-02-28', 0, '0'),
(13, 'Trần Gia Thế', 'thetg.22ba13293@usth.edu.vn', 394631391, 'ssssssss', NULL, 10, 0, '2025-02-28', '2025-02-28', 0, '0'),
(14, 'Trần Gia Thế', 'thetg.22ba13293@usth.edu.vn', 394631391, 'ssssssss', NULL, 10, 0, '2025-02-28', '2025-02-28', 0, '0'),
(15, 'Trần Gia Thế', 'thetg.22ba13293@usth.edu.vn', 394631391, 'ssssssss', NULL, 10, 0, '2025-02-28', '2025-02-28', 0, '0'),
(16, 'Trần Gia Thế', 'thetg.22ba13293@usth.edu.vn', 394631391, 'ssssssss', 'lzyQ0gLqOXRpdefHu4Q9Wl9mXk234HJb9f1CVWWH', 10, 0, '2025-02-28', '2025-02-28', 0, '0'),
(17, 'Trần Gia Thế', 'thetg.22ba13293@usth.edu.vn', 394631391, 'ssssssss', 'pK7bxGzMmgvj9mnFwBmbcyfzQZmC4oNgKwLuDrLG', 10, 0, '2025-02-28', '2025-02-28', 0, '0'),
(18, 'Trần Gia Thế', 'thetg.22ba13293@usth.edu.vn', 394631391, 'ssssssss', '62FokBbBChRGkcXZ0Me1PVleSIVO8TtoqTThHlmq', 10, 0, '2025-02-28', '2025-02-28', 0, '0'),
(19, 'Trần Gia Thế', 'thetg.22ba13293@usth.edu.vn', 394631391, 'ssssssss', 'nbyVnUdNGZeC2UJWwK94Cd7QaVx50i7ekMEAxOHI', 10, 0, '2025-02-28', '2025-02-28', 0, '0'),
(20, 'Trần Gia Thế', 'thetg.22ba13293@usth.edu.vn', 394631391, 'ssssssss', '22bFisQaXm6TBlLtm93sB8F2JTDvA328YwPPlj8H', 10, 0, '2025-02-28', '2025-02-28', 0, '0'),
(21, 'Trần Gia Thế', 'thetg.22ba13293@usth.edu.vn', 394631391, 'ssssssss', 'v7JgLL0CtHDT4orMbLpAEI3HoEBqrLSrWxciyVjb', 10, 0, '2025-02-28', '2025-02-28', 0, '0'),
(22, 'Trần Gia Thế', 'thetg.22ba13293@usth.edu.vn', 394631391, 'ssssssss', 'PA6ter1jdTBXDKlKoHwWSP3V5eeYWRxIYPHsJu2k', 10, 0, '2025-02-28', '2025-02-28', 1, 'TTHD20000USERID1ORDERID23');

-- --------------------------------------------------------

--
-- Cấu trúc bảng cho bảng `order_details`
--

CREATE TABLE `order_details` (
  `order_id` int(11) NOT NULL,
  `product_id` int(11) NOT NULL,
  `quantity` int(11) NOT NULL,
  `price` float(10,3) NOT NULL,
  `id` int(11) NOT NULL
) ENGINE=InnoDB DEFAULT CHARSET=utf8mb4 COLLATE=utf8mb4_general_ci;

--
-- Đang đổ dữ liệu cho bảng `order_details`
--

INSERT INTO `order_details` (`order_id`, `product_id`, `quantity`, `price`, `id`) VALUES
(1, 1, 1, 5250000.000, 1),
(1, 2, 2, 6200000.000, 2),
(2, 1, 1, 5250000.000, 3),
(3, 2, 1, 6200000.000, 4),
(4, 1, 1, 5250000.000, 5),
(4, 2, 1, 6200000.000, 6),
(5, 16, 1, 414000.000, 7),
(6, 2, 1, 6200000.000, 8),
(6, 3, 1, 5350000.000, 9),
(7, 16, 1, 414000.000, 10),
(8, 1, 2, 5250000.000, 11),
(9, 1, 1, 5250000.000, 12),
(9, 16, 1, 414000.000, 13),
(10, 1, 1, 5250000.000, 14),
(10, 2, 1, 6200000.000, 15),
(10, 10, 1, 2150000.000, 16),
(10, 12, 1, 450000.000, 17),
(10, 16, 1, 414000.000, 18),
(12, 1, 1, 5250000.000, 19),
(12, 16, 1, 414000.000, 20),
(16, 1, 1, 5250000.000, 21),
(16, 16, 1, 414000.000, 22),
(17, 1, 1, 5250000.000, 23),
(17, 16, 1, 414000.000, 24),
(18, 1, 1, 5250000.000, 25),
(18, 16, 1, 414000.000, 26),
(19, 1, 1, 5250000.000, 27),
(19, 2, 1, 6200000.000, 28),
(19, 16, 1, 414000.000, 29),
(20, 16, 1, 414000.000, 30),
(21, 2, 1, 6200000.000, 31),
(22, 1, 1, 5250000.000, 32);

-- --------------------------------------------------------

--
-- Cấu trúc bảng cho bảng `personal_access_tokens`
--

CREATE TABLE `personal_access_tokens` (
  `id` int(11) NOT NULL,
  `name` varchar(100) NOT NULL,
  `email` varchar(100) NOT NULL,
  `password` varchar(200) NOT NULL,
  `created_at` date DEFAULT current_timestamp(),
  `updated_at` date DEFAULT NULL
) ENGINE=InnoDB DEFAULT CHARSET=utf8mb4 COLLATE=utf8mb4_general_ci;

-- --------------------------------------------------------

--
-- Cấu trúc bảng cho bảng `products`
--

CREATE TABLE `products` (
  `id` int(11) NOT NULL,
  `name` varchar(255) DEFAULT NULL,
  `image` varchar(255) DEFAULT NULL,
  `price` float(10,2) NOT NULL,
  `sale_price` float(10,2) NOT NULL,
  `category_id` int(11) NOT NULL,
  `description` text NOT NULL,
  `status` tinyint(1) DEFAULT 0,
  `created_at` datetime(6) DEFAULT NULL,
  `updated_at` date DEFAULT NULL,
  `update_at` datetime(6) DEFAULT NULL
) ENGINE=InnoDB DEFAULT CHARSET=utf8mb4 COLLATE=utf8mb4_general_ci;

--
-- Đang đổ dữ liệu cho bảng `products`
--

INSERT INTO `products` (`id`, `name`, `image`, `price`, `sale_price`, `category_id`, `description`, `status`, `created_at`, `updated_at`, `update_at`) VALUES
(1, 'KOBE STRIPLOIN - THĂN NGOẠI BÒ KOBE NHẬT BẢN STEAK', 'xKGf4ACm4Z3A60prAk8bUrQsaA6Z4qjJcffOv0pd.png', 7250000.00, 5250000.00, 1, '<p style=\"outline: none; text-align: justify; color: rgb(42, 41, 41); font-family: Roboto; font-size: 13px;\"><span style=\"outline: none; font-size: 14pt; font-family: &quot;times new roman&quot;, times, serif;\">Bạn có nhu cầu tìm những nguyên liệu chế biến món ăn ăn giúp bổ sung nhiều chất dinh dưỡng cho gia đình?</span></p><p style=\"outline: none; text-align: justify; color: rgb(42, 41, 41); font-family: Roboto; font-size: 13px;\"><span style=\"outline: none; font-size: 14pt; font-family: &quot;times new roman&quot;, times, serif;\">Hơn thế nữa là những món ăn “sang chảnh” để tiếp đãi khách quý đến nhà chơi?</span></p><p style=\"outline: none; text-align: justify; color: rgb(42, 41, 41); font-family: Roboto; font-size: 13px;\"><span style=\"outline: none; font-size: 14pt; font-family: &quot;times new roman&quot;, times, serif;\">Gia đình bạn biết đến thịt&nbsp;<a title=\"bò Kobe \" href=\"https://www.thitbowagyu.com/nguon-goc-bo-kobe-nhat-ban\" style=\"color: unset; font-weight: bold; outline: none;\">bò Kobe&nbsp;</a>có thể đáp ứng những nhu cầu trên, nhưng điều bạn lo lắng là:</span></p><p style=\"outline: none; text-align: justify; color: rgb(42, 41, 41); font-family: Roboto; font-size: 13px;\"><span style=\"outline: none; font-size: 14pt; font-family: &quot;times new roman&quot;, times, serif;\">Hiện nay, tình trạng thịt bò giả tràn lan tẩm bằng các loại hóa chất.</span></p><p style=\"outline: none; text-align: justify; color: rgb(42, 41, 41); font-family: Roboto; font-size: 13px;\"><span style=\"outline: none; font-size: 14pt; font-family: &quot;times new roman&quot;, times, serif;\">Giá mắc nhưng chưa chắc mua được bò sạch?</span></p><p style=\"outline: none; text-align: justify; color: rgb(42, 41, 41); font-family: Roboto; font-size: 13px;\"><span style=\"outline: none; font-size: 14pt; font-family: &quot;times new roman&quot;, times, serif;\">=&gt;&nbsp;<span style=\"font-weight: 700; outline: none; font-family: Roboto-bold;\">Thịt Thăn Ngoại Bò Kobe Nhật Bản - Kobe Striploin</span>&nbsp;của&nbsp;<span style=\"font-weight: 700; outline: none; font-family: Roboto-bold;\">Siêu Thị Thịt Bò</span>&nbsp;sẽ là&nbsp;sự lựa chọn hợp lý phải biết!</span></p><p style=\"outline: none; text-align: justify; color: rgb(42, 41, 41); font-family: Roboto; font-size: 13px;\"><span style=\"outline: none; font-size: 18pt; font-family: &quot;times new roman&quot;, times, serif; color: rgb(255, 0, 0);\"><span style=\"font-weight: 700; outline: none; font-family: Roboto-bold;\">Vì sao Thịt Thăn Ngoại Bò Kobe Nhật Bản&nbsp;được ưa chuộng?</span></span></p><p style=\"outline: none; text-align: justify; color: rgb(42, 41, 41); font-family: Roboto; font-size: 13px;\"><span style=\"outline: none; font-size: 14pt; font-family: &quot;times new roman&quot;, times, serif;\"><span style=\"font-weight: 700; outline: none; font-family: Roboto-bold;\">Thịt Thăn Ngoại Bò Kobe Nhật Bản (Kobe Striploin)</span>&nbsp;là phần thịt nằm ở phần cuối của 2 bên dẻ sườn&nbsp;con&nbsp;<a title=\"Bò Kobe\" href=\"https://www.thitbowagyu.com/nguon-goc-bo-kobe-nhat-ban\" style=\"color: unset; font-weight: bold; outline: none;\">Bò Kobe</a>, đã lọc hết xương sụn. Đây là phần cơ ít vận động của con bò nên nó có ít mỡ dắt và các mô nối, các lớp mỡ và thịt nằm xen kẽ nhau theo tỉ lệ rất hợp lí để tạo hương vị vừa mềm lại không quá béo ngậy tạo nên chất lượng tuyệt hảo cho từng món ăn.</span></p><p style=\"outline: none; text-align: justify; color: rgb(42, 41, 41); font-family: Roboto; font-size: 13px;\"><span style=\"outline: none; font-size: 14pt; font-family: &quot;times new roman&quot;, times, serif;\"><span style=\"font-weight: 700; outline: none; font-family: Roboto-bold;\">Thịt Thăn Ngoại Bò Kobe Nhật Bản</span>&nbsp;của&nbsp;<span style=\"font-weight: 700; outline: none; font-family: Roboto-bold;\">Siêu Thị Thịt Bò</span>&nbsp;được nhập khẩu theo đường chính ngạch, có giấy tờ xuất - nhập khẩu rõ ràng, bảo quản chu đáo, chất lượng rất đảm bảo và tuyệt đối an toàn cho sức khỏe của bạn.</span></p><h2 style=\"font-family: Roboto-bold; color: rgb(42, 41, 41); outline: none; text-align: justify;\"><span style=\"outline: none; font-size: 18pt; font-family: &quot;times new roman&quot;, times, serif; color: rgb(255, 0, 0);\"><span style=\"font-weight: 700; outline: none; font-family: Roboto-bold;\">Những món ăn hảo hạng chế biến từ&nbsp;Thịt Thăn Ngoại&nbsp;Bò Kobe Nhật Bản</span></span></h2><p style=\"outline: none; text-align: justify; color: rgb(42, 41, 41); font-family: Roboto; font-size: 13px;\"><span style=\"outline: none; font-size: 14pt; font-family: &quot;times new roman&quot;, times, serif;\">Với những giá trị và chất lượng hảo hạng như vậy, phần thịt này thường được sử dụng để chế biến những món ăn trong các bữa tiệc hay nhà hàng sang trọng. Đôi khi người ta cũng sử dụng chúng làm quà để biếu tặng thực sự rất tuyệt.</span></p><p style=\"outline: none; text-align: justify; color: rgb(42, 41, 41); font-family: Roboto; font-size: 13px;\"><span style=\"outline: none; font-size: 14pt; font-family: &quot;times new roman&quot;, times, serif;\"></span></p><p style=\"outline: none; text-align: justify; color: rgb(42, 41, 41); font-family: Roboto; font-size: 13px;\"><span style=\"outline: none; font-size: 14pt; font-family: &quot;times new roman&quot;, times, serif;\">Một số món ăn mà chúng ta có thể chế biến như nướng, xào, lẩu, hầm, bò lúc lắc, bít tết,… Tôi tin rằng dù là món gì đi chăng nữa thì hương vị sẽ vô cùng hoàn hảo.</span></p><p style=\"outline: none; text-align: justify; color: rgb(42, 41, 41); font-family: Roboto; font-size: 13px;\"><span style=\"outline: none; font-size: 14pt; font-family: &quot;times new roman&quot;, times, serif;\"><br></span></p>', 1, '2024-08-21 00:00:00.000000', '2024-08-21', NULL),
(2, 'THĂN NỘI BÒ KOBE NHẬT -CẮT STEAK', 'xcTzbJMLjQyCoXjgTo9FuYvTBjfFw80APxe9T7Fj.png', 7200000.00, 6200000.00, 1, '<h1 style=\"margin-top: 0px; margin-bottom: 5px; font-size: 18px; font-family: Roboto-bold; color: rgb(42, 41, 41); outline: none; text-align: center;\"><span style=\"outline: none; font-size: 14pt; line-height: 19.9733px; font-family: Arial, &quot;sans-serif&quot;; color: rgb(255, 0, 0);\">Thăn Nội Bò Kobe Nhật - Hương Vị Sang Trọng Cho Phong Cách Sống Cao Cấp</span></h1><p style=\"outline: none; text-align: justify; color: rgb(42, 41, 41); font-family: Roboto; font-size: 13px;\"><span style=\"outline: none; font-size: 12pt; line-height: 17.12px; font-family: Arial, &quot;sans-serif&quot;;\">Tận hưởng hương vị thượng lưu và sang trọng của&nbsp;<span style=\"font-weight: 700; outline: none; font-family: Roboto-bold;\">Thăn Nội Bò Kobe Nhật - Cắt Steak</span>&nbsp;tại Sieuthithitbo.net. Sản phẩm thịt bò cao cấp, phản ánh phong cách sống đẳng cấp.</span></p><p style=\"outline: none; text-align: justify; color: rgb(42, 41, 41); font-family: Roboto; font-size: 13px;\"><span style=\"outline: none; font-size: 12pt;\"><span style=\"font-weight: 700; outline: none; font-family: Roboto-bold;\"><span style=\"outline: none; line-height: 17.12px; font-family: Arial, &quot;sans-serif&quot;;\">Khám Phá Sự Sang Trọng Từ Sản Phẩm Thịt Bò</span></span></span></p><p style=\"outline: none; text-align: justify; color: rgb(42, 41, 41); font-family: Roboto; font-size: 13px;\"><span style=\"outline: none; font-size: 12pt; line-height: 17.12px; font-family: Arial, &quot;sans-serif&quot;;\">Chào mừng bạn đến với Sieuthithitbo.net, nơi bạn sẽ khám phá sự sang trọng từ&nbsp;<span style=\"font-weight: 700; outline: none; font-family: Roboto-bold;\">Thăn Nội Bò Kobe Nhật - Cắt Steak</span>. Sản phẩm thịt bò cao cấp, không chỉ là món ăn, mà là một phần của phong cách sống đẳng cấp.</span></p><p style=\"outline: none; text-align: justify; color: rgb(42, 41, 41); font-family: Roboto; font-size: 13px;\"><span style=\"outline: none; font-size: 12pt;\"><span style=\"font-weight: 700; outline: none; font-family: Roboto-bold;\"><span style=\"outline: none; line-height: 17.12px; font-family: Arial, &quot;sans-serif&quot;;\">Đẳng Cấp Và Hương Vị Thượng Lưu</span></span></span></p><p style=\"outline: none; text-align: justify; color: rgb(42, 41, 41); font-family: Roboto; font-size: 13px;\"><span style=\"outline: none; font-size: 12pt; line-height: 17.12px; font-family: Arial, &quot;sans-serif&quot;;\">Bạn đang tìm kiếm một trải nghiệm ẩm thực đẳng cấp? Sự quan tâm của bạn đã đưa bạn đến&nbsp;<span style=\"font-weight: 700; outline: none; font-family: Roboto-bold;\">Thăn Nội Bò Kobe Nhật - Cắt Steak</span>. Đắm chìm trong hương vị thượng lưu và đẳng cấp từng lớp thịt.</span></p><p style=\"outline: none; text-align: justify; color: rgb(42, 41, 41); font-family: Roboto; font-size: 13px;\"><span style=\"outline: none; font-size: 12pt;\"><span style=\"font-weight: 700; outline: none; font-family: Roboto-bold;\"><span style=\"outline: none; line-height: 17.12px; font-family: Arial, &quot;sans-serif&quot;;\">Hòa Quyện Hương Vị Sống Lưu</span></span></span></p><p style=\"outline: none; text-align: justify; color: rgb(42, 41, 41); font-family: Roboto; font-size: 13px;\"><span style=\"outline: none; font-size: 12pt; line-height: 17.12px; font-family: Arial, &quot;sans-serif&quot;;\">Khao khát của bạn không chỉ là việc thưởng thức món ăn, mà còn là trải nghiệm hương vị và phong cách sống đặc biệt mà&nbsp;<span style=\"font-weight: 700; outline: none; font-family: Roboto-bold;\">Thăn Nội Bò Kobe Nhật - Cắt Steak</span>&nbsp;mang lại.</span></p><p style=\"outline: none; text-align: justify; color: rgb(42, 41, 41); font-family: Roboto; font-size: 13px;\"><span style=\"outline: none; font-size: 12pt;\"><span style=\"font-weight: 700; outline: none; font-family: Roboto-bold;\"><span style=\"outline: none; line-height: 17.12px; font-family: Arial, &quot;sans-serif&quot;;\">Trải Nghiệm Ngay Hôm Nay!</span></span></span></p><p style=\"outline: none; text-align: justify; color: rgb(42, 41, 41); font-family: Roboto; font-size: 13px;\"><span style=\"outline: none; font-size: 12pt; line-height: 17.12px; font-family: Arial, &quot;sans-serif&quot;;\"></span></p><p style=\"outline: none; text-align: justify; color: rgb(42, 41, 41); font-family: Roboto; font-size: 13px;\"><span style=\"outline: none; font-size: 12pt; line-height: 17.12px; font-family: Arial, &quot;sans-serif&quot;;\">Hãy biến khao khát thành hành động bằng cách trải nghiệm ngay hôm nay sự tinh tế và sang trọng của&nbsp;<span style=\"font-weight: 700; outline: none; font-family: Roboto-bold;\">Thăn Nội Bò Kobe Nhật - Cắt Steak</span>&nbsp;tại Sieuthithitbo.net. Hãy làm mới phong cách ẩm thực của bạn!</span></p><p style=\"outline: none; text-align: justify; color: rgb(42, 41, 41); font-family: Roboto; font-size: 13px;\"><span style=\"outline: none; font-size: 12pt;\"><span style=\"font-weight: 700; outline: none; font-family: Roboto-bold;\"><span style=\"outline: none; line-height: 17.12px; font-family: Arial, &quot;sans-serif&quot;;\">Đắm Chìm Trong Hương Vị Đẳng Cấp</span></span></span></p><p style=\"outline: none; text-align: justify; color: rgb(42, 41, 41); font-family: Roboto; font-size: 13px;\"><span style=\"outline: none; font-size: 12pt; line-height: 17.12px; font-family: Arial, &quot;sans-serif&quot;;\">Vấn đề không phải là bạn không tìm thấy một sản phẩm thịt bò đẳng cấp. Thay vào đó, vấn đề chính là bạn đang cần một lựa chọn thực phẩm tượng trưng cho sự sang trọng.</span></p><p style=\"outline: none; text-align: justify; color: rgb(42, 41, 41); font-family: Roboto; font-size: 13px;\"><span style=\"outline: none; font-size: 12pt;\"><span style=\"font-weight: 700; outline: none; font-family: Roboto-bold;\"><span style=\"outline: none; line-height: 17.12px; font-family: Arial, &quot;sans-serif&quot;;\">Hương Vị Thượng Lưu Đích Thực</span></span></span></p><p style=\"outline: none; text-align: justify; color: rgb(42, 41, 41); font-family: Roboto; font-size: 13px;\"><span style=\"outline: none; font-size: 12pt; line-height: 17.12px; font-family: Arial, &quot;sans-serif&quot;;\">Hãy tưởng tượng một bữa ăn tại nhà với mảnh thịt&nbsp;<span style=\"font-weight: 700; outline: none; font-family: Roboto-bold;\">Thăn Nội Bò Kobe Nhật - Cắt Steak</span>, nơi bạn thực sự được tận hưởng hương vị thượng lưu và đẳng cấp.</span></p><p style=\"outline: none; text-align: justify; color: rgb(42, 41, 41); font-family: Roboto; font-size: 13px;\"><span style=\"outline: none; font-size: 12pt;\"><span style=\"font-weight: 700; outline: none; font-family: Roboto-bold;\"><span style=\"outline: none; line-height: 17.12px; font-family: Arial, &quot;sans-serif&quot;;\">Thăn Nội Bò Kobe Nhật - Cắt Steak</span></span></span></p><p style=\"outline: none; text-align: justify; color: rgb(42, 41, 41); font-family: Roboto; font-size: 13px;\"><span style=\"outline: none; font-size: 12pt; line-height: 17.12px; font-family: Arial, &quot;sans-serif&quot;;\"></span></p><p style=\"outline: none; text-align: justify; color: rgb(42, 41, 41); font-family: Roboto; font-size: 13px;\"><span style=\"outline: none; font-size: 12pt; line-height: 17.12px; font-family: Arial, &quot;sans-serif&quot;;\">Giải pháp đã xuất hiện với&nbsp;<span style=\"font-weight: 700; outline: none; font-family: Roboto-bold;\">Thăn Nội Bò Kobe Nhật - Cắt Steak</span>. Sản phẩm thịt bò cao cấp, không chỉ đáp ứng mong muốn của bạn mà còn vượt xa mong đợi.</span></p><p style=\"outline: none; text-align: justify; color: rgb(42, 41, 41); font-family: Roboto; font-size: 13px;\"><span style=\"outline: none; font-size: 12pt;\"><span style=\"font-weight: 700; outline: none; font-family: Roboto-bold;\"><span style=\"outline: none; line-height: 17.12px; font-family: Arial, &quot;sans-serif&quot;;\">Hương Vị Sang Trọng Từ Nhật Bản</span></span></span></p><p style=\"outline: none; text-align: justify; color: rgb(42, 41, 41); font-family: Roboto; font-size: 13px;\"><span style=\"font-weight: 700; outline: none; font-family: Roboto-bold;\"><span style=\"outline: none; font-size: 12pt; line-height: 17.12px; font-family: Arial, &quot;sans-serif&quot;;\">Thăn Nội Bò Kobe Nhật - Cắt Steak</span></span><span style=\"outline: none; font-size: 12pt; line-height: 17.12px; font-family: Arial, &quot;sans-serif&quot;;\">&nbsp;không chỉ là một món thịt bò thông thường. Đó là một tác phẩm nghệ thuật ẩm thực, mang đến hương vị sang trọng đích thực từ Nhật Bản.</span></p><p style=\"outline: none; text-align: justify; color: rgb(42, 41, 41); font-family: Roboto; font-size: 13px;\"><span style=\"outline: none; font-size: 12pt;\"><span style=\"font-weight: 700; outline: none; font-family: Roboto-bold;\"><span style=\"outline: none; line-height: 17.12px; font-family: Arial, &quot;sans-serif&quot;;\">Giá Trị Vượt Trội</span></span></span></p><p style=\"outline: none; text-align: justify; color: rgb(42, 41, 41); font-family: Roboto; font-size: 13px;\"><span style=\"outline: none; font-size: 12pt; line-height: 17.12px; font-family: Arial, &quot;sans-serif&quot;;\">Giá trị của&nbsp;<span style=\"font-weight: 700; outline: none; font-family: Roboto-bold;\">Thăn Nội Bò Kobe Nhật - Cắt Steak</span>&nbsp;không chỉ nằm trong hương vị thượng lưu mà còn là trải nghiệm vượt trội mà bạn không thể tìm thấy ở bất cứ đâu khác.</span></p><p style=\"outline: none; text-align: justify; color: rgb(42, 41, 41); font-family: Roboto; font-size: 13px;\"><span style=\"outline: none; font-size: 12pt;\"><span style=\"font-weight: 700; outline: none; font-family: Roboto-bold;\"><span style=\"outline: none; line-height: 17.12px; font-family: Arial, &quot;sans-serif&quot;;\">Thăng Hoa Tại Gia</span></span></span></p><p style=\"outline: none; text-align: justify; color: rgb(42, 41, 41); font-family: Roboto; font-size: 13px;\"><span style=\"outline: none; font-size: 12pt; line-height: 17.12px; font-family: Arial, &quot;sans-serif&quot;;\">Không cần phải đến những nhà hàng sang trọng, bạn có thể thăng hoa tại gia với&nbsp;<span style=\"font-weight: 700; outline: none; font-family: Roboto-bold;\">Thăn Nội Bò Kobe Nhật - Cắt Steak</span>.</span></p><p style=\"outline: none; text-align: justify; color: rgb(42, 41, 41); font-family: Roboto; font-size: 13px;\"><span style=\"outline: none; font-size: 12pt; line-height: 17.12px; font-family: Arial, &quot;sans-serif&quot;;\"></span></p><p style=\"outline: none; text-align: center; color: rgb(42, 41, 41); font-family: Roboto; font-size: 13px;\"><span style=\"outline: none; font-size: 12pt; line-height: 17.12px; font-family: Arial, &quot;sans-serif&quot;;\"><img src=\"https://www.sieuthithitbo.net/uploads/files/2023/08/25/bo-wagyu.png\" alt=\"\" width=\"750\" style=\"outline: none; max-width: 100%; height: auto;\"></span></p>', 1, '2024-08-21 00:00:00.000000', '2024-08-21', NULL),
(3, 'KOBE RIB EYE - THĂN LƯNG BÒ KOBE NHẬT BẢN STEAK', '7W2xeczkQqeMx1EbvnlIwKrSnxY8IKy9grC3IOUq.png', 6350000.00, 5350000.00, 1, '<p style=\"outline: none; text-align: justify; color: rgb(42, 41, 41); font-family: Roboto; font-size: 13px;\"><span style=\"font-weight: 700; outline: none; font-family: Roboto-bold;\"><span style=\"outline: none; font-size: 18pt; font-family: &quot;times new roman&quot;, times, serif; color: rgb(255, 0, 0);\">Thịt Thăn Lưng Bò Kobe Nhật Bản - Kobe Rib Eye?</span></span></p><p style=\"outline: none; text-align: justify; color: rgb(42, 41, 41); font-family: Roboto; font-size: 13px;\"><span style=\"outline: none; font-size: 14pt; font-family: &quot;times new roman&quot;, times, serif;\">Đã từ rất lâu, Thịt bò Kobe ghi điểm trong lòng thực khách, trở nên nổi tiếng thế giới vì nhiều điều đặc biệt mà nghe qua tưởng chừng như khó tin.</span></p><p style=\"outline: none; text-align: justify; color: rgb(42, 41, 41); font-family: Roboto; font-size: 13px;\"><span style=\"outline: none; font-size: 14pt; font-family: &quot;times new roman&quot;, times, serif;\">-&nbsp;<a href=\"https://www.thitbowagyu.com/nguon-goc-bo-kobe-nhat-ban\" style=\"color: unset; font-weight: bold; outline: none;\">Bò Kobe&nbsp;</a>thuần&nbsp;chủng - là giống bò chỉ có&nbsp;ở Nhật Bản, nuôi theo công nghệ của Nhật Bản.</span></p><p style=\"outline: none; text-align: justify; color: rgb(42, 41, 41); font-family: Roboto; font-size: 13px;\"><span style=\"outline: none; font-size: 14pt; font-family: &quot;times new roman&quot;, times, serif;\">- Bò Kobe khi sinh ra có giấy khai sinh, nuôi dưỡng nghiêm ngặt và&nbsp;đảm bảo giấy tờ hơn hết.</span></p><p style=\"outline: none; text-align: justify; color: rgb(42, 41, 41); font-family: Roboto; font-size: 13px;\"><span style=\"outline: none; font-size: 14pt; font-family: &quot;times new roman&quot;, times, serif;\">- Bò Kobe&nbsp;được cho nghe nhạc, mỗi ngày tắm bằng nước nóng và massage bằng rượu sake,&nbsp;để cho ra chất lượng thịt cao cấp nhất.</span></p><p style=\"outline: none; text-align: justify; color: rgb(42, 41, 41); font-family: Roboto; font-size: 13px;\"><span style=\"outline: none; font-size: 14pt; font-family: &quot;times new roman&quot;, times, serif;\">Đặc trưng bởi&nbsp;phần mỡ và nạc xen kẽ, gọi là Vân đá hay Vân cẩm thạch dày đặc, khi ăn cảm nhận được độ mềm tan,&nbsp;vị thơm ngon béo ngậy. Thịt&nbsp;<a href=\"https://www.thitbowagyu.com/nguon-goc-bo-kobe-nhat-ban\" style=\"color: unset; font-weight: bold; outline: none;\">bò Kobe</a>&nbsp;có tỷ lệ mỡ hợp lý và hàm lượng dinh dưỡng cao, tốt cho sức khỏe.</span></p><p style=\"outline: none; text-align: center; color: rgb(42, 41, 41); font-family: Roboto; font-size: 13px;\"><span style=\"outline: none; font-size: 14pt; font-family: &quot;times new roman&quot;, times, serif;\"><img src=\"https://www.sieuthithitbo.net/uploads/files/2023/06/27/bo-kobe-3.png\" alt=\"\" width=\"500\" style=\"outline: none; max-width: 100%; height: auto;\"><img src=\"https://www.sieuthithitbo.net/uploads/files/2023/06/27/Ribeye-Kobe-Nhat-550x450.png\" alt=\"\" width=\"500\" style=\"outline: none; max-width: 100%; height: auto;\"></span></p><p style=\"outline: none; text-align: justify; color: rgb(42, 41, 41); font-family: Roboto; font-size: 13px;\"><span style=\"outline: none; font-size: 14pt; font-family: &quot;times new roman&quot;, times, serif;\">Đặc biệt loại thịt đắt đỏ này chỉ được lấy từ những chú bò đực chưa từng giao phối hay bò cái chưa sinh sản, để giữ được vị thịt thuần khiết nhất.</span></p><p style=\"outline: none; text-align: justify; color: rgb(42, 41, 41); font-family: Roboto; font-size: 13px;\"><span style=\"outline: none; font-size: 14pt; font-family: &quot;times new roman&quot;, times, serif;\">Thịt thăn lưng bò Kobe Nhật Bản hay còn gọi là nạc vai nằm dọc theo xương sống và xương sườn bò nhưng không bao gồm xương sườn. Phần thịt này là phần bổ trợ cơ bắp của chân trước nên khá săn, sở dĩ phần thịt này có tên&nbsp;Rib Eye do có 2 mắt mỡ nằm xen giữa cây thăn.</span></p><h2 style=\"font-family: Roboto-bold; color: rgb(42, 41, 41); outline: none; text-align: justify;\"><span style=\"outline: none; font-size: 18pt; font-family: &quot;times new roman&quot;, times, serif; color: rgb(255, 0, 0);\"><span style=\"font-weight: 700; outline: none; font-family: Roboto-bold;\">Những món ăn hảo hạng chế biến từ&nbsp;Thịt Thăn Lưng&nbsp;Bò Kobe Nhật Bản</span></span></h2><p style=\"outline: none; text-align: justify; color: rgb(42, 41, 41); font-family: Roboto; font-size: 13px;\"><span style=\"outline: none; font-size: 14pt; font-family: &quot;times new roman&quot;, times, serif;\">Với những giá trị và chất lượng hảo hạng như vậy, phần thịt này thường được sử dụng để chế biến những món ăn trong các bữa tiệc hay nhà hàng sang trọng. Đôi khi người ta cũng sử dụng chúng làm quà để biếu tặng thực sự rất tuyệt.</span></p><p style=\"outline: none; text-align: justify; color: rgb(42, 41, 41); font-family: Roboto; font-size: 13px;\"><span style=\"outline: none; font-size: 14pt; font-family: &quot;times new roman&quot;, times, serif;\">Một số món ăn mà chúng ta có thể chế biến như nướng, xào, lẩu, hầm, bò lúc lắc, bít tết,… Tôi tin rằng dù là món gì đi chăng nữa thì hương vị sẽ vô cùng hoàn hảo.</span></p><p style=\"outline: none; text-align: center; color: rgb(42, 41, 41); font-family: Roboto; font-size: 13px;\"><span style=\"outline: none; font-size: 14pt; font-family: &quot;times new roman&quot;, times, serif;\"><img src=\"https://www.sieuthithitbo.net/uploads/files/2023/06/27/kobe5.jpg\" alt=\"\" width=\"500\" style=\"outline: none; max-width: 100%; height: auto;\"></span></p><p style=\"outline: none; text-align: center; color: rgb(42, 41, 41); font-family: Roboto; font-size: 13px;\"><span style=\"outline: none; font-size: 12pt; font-family: &quot;times new roman&quot;, times, serif;\"><em style=\"outline: none;\">Hình 2: Vị ngon hấp dẫn khó cưỡng</em></span></p>', 1, '2024-08-21 00:00:00.000000', '2024-08-21', NULL),
(5, 'NANGOKU WAGYU RIB EYE STEAK (A3) - THĂN LƯNG BÒ', 'Iz800z6QKW8mqaP3wKcUmiCi3sO9TVT63IBbvrGR.png', 2300000.00, 1300000.00, 2, '<h3 style=\"font-family: Roboto-Bold; color: rgb(42, 41, 41); margin: 0px; font-size: 16px; outline: none; border-bottom: 1px solid rgb(235, 234, 234); padding: 5px 10px;\"><span style=\"outline: none; font-size: 18pt; color: rgb(0, 0, 0);\"><span style=\"font-weight: 700; outline: none; font-family: Roboto-bold;\">Nangoku Wagyu Rib Eye làm món gì tuyệt nhất?</span></span></h3><p style=\"outline: none; text-align: justify; color: rgb(42, 41, 41); font-family: Roboto; font-size: 13px;\"><span style=\"outline: none; font-size: 14pt; color: rgb(0, 0, 0);\">Ngon nhất từ thăn lõi vai bò vẫn là món Beef steak sốt với phô mai, rượu vang đỏ, sốt nấm hay sốt tiêu .v.v… kèm theo khi ăn bạn sẽ cảm thấy “mềm như bơ” và đặc biệt khi kèm thêm pate, khoai chiên, trứnng ốpla và rau salad rau thì thật là ngon khó cưỡng.</span></p><p style=\"outline: none; text-align: justify; color: rgb(42, 41, 41); font-family: Roboto; font-size: 13px;\"><span style=\"outline: none; font-size: 14pt; color: rgb(0, 0, 0);\">Với những người thích ăn món nướng mà ngại lớp mỡ béo của ba chỉ, phần&nbsp;thịt thăn lưng này nguyên liệu tuyệt vời, dù là nướng bỏ lò hay nướng trên bếp than cùng với nước sốt tiêu đen, sốt hàn quốc hay Bulugi các loại rau sống hay nấm thì ngon không kém đâu.</span></p><p style=\"outline: none; text-align: center; color: rgb(42, 41, 41); font-family: Roboto; font-size: 13px;\"><span style=\"outline: none; font-size: 14pt; color: rgb(0, 0, 0);\"><img src=\"https://www.sieuthithitbo.net/uploads/files/2023/06/27/rib-eye-a3-2.jpg\" alt=\"\" width=\"700\" style=\"outline: none; max-width: 100%; height: auto;\"></span></p><p style=\"outline: none; text-align: justify; color: rgb(42, 41, 41); font-family: Roboto; font-size: 13px;\"><span style=\"outline: none; font-size: 14pt; color: rgb(0, 0, 0);\">&nbsp;Không cần phải tẩm ướp quá cầu kỳ, với thịt thăn lưng thái lát mỏng ướp thêm một chút muối biển và hạt tiêu say dùng để xào, nấu phở, nhúng dấm hay nhúng lẩu thì “ngon ngất ngây” luôn nhé.</span></p><p style=\"outline: none; text-align: justify; color: rgb(42, 41, 41); font-family: Roboto; font-size: 13px;\"><span style=\"outline: none; font-size: 14pt; color: rgb(0, 0, 0);\">&nbsp;Chưa hết, thăn lưng với hàm lượng dinh dưỡng đặc biệt nó còn rất thích hợp để<span style=\"font-weight: 700; outline: none; font-family: Roboto-bold;\">&nbsp;</span>chế biến được nhiều món ngon cho thực đơn mỗi ngày như: Nướng, Xào,..... =&gt; giúp đổi mới khẩu vị mà vẫn ngon và bổ</span></p>', 1, '2024-08-21 00:00:00.000000', '2024-08-21', NULL),
(6, 'NANGOKU WAGYU SIRLOIN - THĂN NGOẠI SIRLOIN (A3)', 'l8bSTlzuQSkUKVDIDXGBcvhBDo4QwmfHhrRo6qFC.png', 2400000.00, 1450000.00, 2, '<p style=\"outline: none; text-align: justify; color: rgb(42, 41, 41); font-family: Roboto; font-size: 13px;\"><span style=\"outline: none; font-size: 14pt; color: rgb(0, 0, 0);\">Thịt bò&nbsp;Wagyu có giá trị dinh dưỡng rất cao .</span></p><p style=\"outline: none; text-align: justify; color: rgb(42, 41, 41); font-family: Roboto; font-size: 13px;\"><span style=\"outline: none; font-size: 14pt; color: rgb(0, 0, 0);\">Phần thịt mềm, thớ thịt nhỏ, mỡ thơm béo, vân mỡ đều tạo nên một trong những phần cao cấp nhất của con bò. Phần thịt sử dụng làm món&nbsp;beefsteak, khi cắt lát dày khoảng 1.5 - 2cm để nướng thì vị ngọt của thịt sẽ không bị mất.</span></p><p style=\"outline: none; text-align: center; color: rgb(42, 41, 41); font-family: Roboto; font-size: 13px;\"><img src=\"https://www.sieuthithitbo.net/uploads/files/2023/06/27/a3-th-n-ngo-i-2_optimized.jpg\" alt=\"\" width=\"700\" style=\"outline: none; max-width: 100%; height: auto;\"></p><p style=\"outline: none; text-align: justify; color: rgb(42, 41, 41); font-family: Roboto; font-size: 13px;\"><span style=\"outline: none; font-size: 14pt; color: rgb(0, 0, 0);\">Cái ngon của thịt bò NANGOKU WAGYU là ở chỗ nạc và mỡ đã trộn lẫn với nhau theo tỷ lệ chuẩn, rất tốt cho sức khỏe. Thịt bò Kobe tạo ra chất omega rất lớn, đó là chất thuộc họ các axit béo chưa bão hòa rất tốt cho sức khỏe. Loại thịt này còn bổ sung vitamin và khoáng chất có tác dụng bổ máu, bồi bổ sau một ngày làm việc căng thẳng, đẹp da, phục hồi sức khỏe nhanh chóng và giảm stress. Còn khi ăn, miếng thịt ngọt ấm, giòn, có thể ăn kiểu nướng, lẩu hoặc tái… ăn kèm với các loại nấm kim châm, nấm bào ngư, nấm hải sản với đậu phụ Nhật…</span></p><p style=\"outline: none; text-align: center; color: rgb(42, 41, 41); font-family: Roboto; font-size: 13px;\"><img src=\"https://www.sieuthithitbo.net/uploads/files/2023/06/27/a3-th-n-ngo-i-3_optimized.jpg\" alt=\"\" width=\"700\" style=\"outline: none; max-width: 100%; height: auto;\"></p><p style=\"outline: none; text-align: justify; color: rgb(42, 41, 41); font-family: Roboto; font-size: 13px;\"><span style=\"outline: none; font-size: 14pt; color: rgb(0, 0, 0);\">Một số món ăn mà chúng ta có thể chế biến như nướng, xào, lẩu, hầm, bò lúc lắc, đặc biệt là bít tết,… Hương vị thơm ngon độ mềm của thịt (như tan ngay trong miệng) Tôi tin rằng dù là món gì đi chăng nữa thì hương vị sẽ vô cùng hoàn hảo.</span></p>', 1, '2024-08-21 00:00:00.000000', '2024-08-21', NULL),
(7, 'THĂN NỘI BÒ WAGYU NHẬT BẢN A5 - CẮT STEAK', '8S0997mwy9otugHEHG0aTErjvBcnPrysgGbUvn1p.png', 37500000.00, 3000000.00, 2, '<h1 style=\"margin-top: 0px; margin-bottom: 5px; font-size: 18px; font-family: Roboto-bold; color: rgb(42, 41, 41); outline: none; text-align: center;\"><span style=\"outline: none; font-size: 14pt;\"><span style=\"font-weight: 700; outline: none;\"><span style=\"outline: none; line-height: 19.9733px; font-family: Arial, &quot;sans-serif&quot;; color: red;\">Thăn Nội Bò Nhật A5 - Cắt Steak TP: Sản Phẩm Thịt Bò Cao Cấp Đậm Chất Phong Cách Sống</span></span></span></h1><p style=\"outline: none; text-align: justify; color: rgb(42, 41, 41); font-family: Roboto; font-size: 13px;\"><span style=\"outline: none; font-size: 12pt; line-height: 17.12px; font-family: Arial, &quot;sans-serif&quot;; color: rgb(55, 65, 81);\">Khám phá sự tinh tế và sang trọng của Thăn Nội Bò Nhật A5 - Cắt Steak TP tại Sieuthithitbo.net. Sản phẩm thịt bò cao cấp mang lại trải nghiệm ẩm thực đẳng cấp, thể hiện phong cách sống thượng lưu.</span></p><p style=\"outline: none; text-align: justify; color: rgb(42, 41, 41); font-family: Roboto; font-size: 13px;\"><span style=\"font-weight: 700; outline: none; font-family: Roboto-bold;\"><span style=\"outline: none; font-size: 12pt; line-height: 17.12px; font-family: Arial, &quot;sans-serif&quot;; color: rgb(55, 65, 81);\">Thắp Lên Ngọn Lửa Ẩm Thực Với Thăn Nội Bò Nhật A5 - Cắt Steak TP</span></span></p><p style=\"outline: none; text-align: justify; color: rgb(42, 41, 41); font-family: Roboto; font-size: 13px;\"><span style=\"outline: none; font-size: 12pt; line-height: 17.12px; font-family: Arial, &quot;sans-serif&quot;; color: rgb(55, 65, 81);\">Chào mừng bạn đến với Sieuthithitbo.net, nơi bạn có thể khám phá sự hòa quyện của sự tinh tế và ẩm thực từ&nbsp;<span style=\"font-weight: 700; outline: none; font-family: Roboto-bold;\">Thăn Nội Bò Nhật A5 - Cắt Steak TP</span>. Hãy cùng tìm hiểu về sản phẩm thịt bò cao cấp này và cách nó thể hiện phong cách sống thượng lưu.</span></p><p style=\"outline: none; text-align: center; color: rgb(42, 41, 41); font-family: Roboto; font-size: 13px;\"><span style=\"outline: none; font-size: 12pt; line-height: 17.12px; font-family: Arial, &quot;sans-serif&quot;; color: rgb(55, 65, 81);\"><img src=\"https://www.sieuthithitbo.net/uploads/files/2023/08/24/thit-than-noi-bo-wagyu-Nhat-Ban.png\" alt=\"thăn nội  a5\" width=\"750\" style=\"outline: none; max-width: 100%; height: auto;\"></span></p><p style=\"outline: none; text-align: justify; color: rgb(42, 41, 41); font-family: Roboto; font-size: 13px;\"><span style=\"font-weight: 700; outline: none; font-family: Roboto-bold;\"><span style=\"outline: none; font-size: 12pt; line-height: 17.12px; font-family: Arial, &quot;sans-serif&quot;; color: rgb(55, 65, 81);\">Nâng Tầm Phong Cách Sống Với Sản Phẩm Thịt Bò Cao Cấp</span></span></p><p style=\"outline: none; text-align: justify; color: rgb(42, 41, 41); font-family: Roboto; font-size: 13px;\"><span style=\"outline: none; font-size: 12pt; line-height: 17.12px; font-family: Arial, &quot;sans-serif&quot;; color: rgb(55, 65, 81);\">Bạn đã bao giờ nghĩ về việc nâng tầm trải nghiệm ẩm thực của mình?&nbsp;<span style=\"font-weight: 700; outline: none; font-family: Roboto-bold;\">Thăn Nội Bò Nhật A5 - Cắt Steak TP</span>&nbsp;sẽ giúp bạn thực hiện điều đó. Sự kết hợp giữa sự tinh tế và hương vị đặc trưng của thịt bò cao cấp sẽ khiến bạn thấy ngấn lệch từng miếng.</span></p><p style=\"outline: none; text-align: justify; color: rgb(42, 41, 41); font-family: Roboto; font-size: 13px;\"><span style=\"font-weight: 700; outline: none; font-family: Roboto-bold;\"><span style=\"outline: none; font-size: 12pt; line-height: 17.12px; font-family: Arial, &quot;sans-serif&quot;; color: rgb(55, 65, 81);\">Sự Tinh Tế và Sang Trọng Từ Thăn Nội Bò Nhật A5</span></span></p><p style=\"outline: none; text-align: justify; color: rgb(42, 41, 41); font-family: Roboto; font-size: 13px;\"><span style=\"outline: none; font-size: 12pt; line-height: 17.12px; font-family: Arial, &quot;sans-serif&quot;; color: rgb(55, 65, 81);\">Sự khao khát trải nghiệm sự tinh tế và sang trọng của cuộc sống thượng lưu có thể được thể hiện thông qua việc thưởng thức&nbsp;<span style=\"font-weight: 700; outline: none; font-family: Roboto-bold;\">Thăn Nội Bò Nhật A5 - Cắt Steak TP</span>. Sản phẩm này mang đến sự đẳng cấp mà bạn xứng đáng có.</span></p><p style=\"outline: none; text-align: justify; color: rgb(42, 41, 41); font-family: Roboto; font-size: 13px;\"><span style=\"font-weight: 700; outline: none; font-family: Roboto-bold;\"><span style=\"outline: none; font-size: 12pt; line-height: 17.12px; font-family: Arial, &quot;sans-serif&quot;; color: rgb(55, 65, 81);\">Đặt Hàng Ngay Để Tận Hưởng Sự Tinh Hoa</span></span></p><p style=\"outline: none; text-align: justify; color: rgb(42, 41, 41); font-family: Roboto; font-size: 13px;\"><span style=\"outline: none; font-size: 12pt; line-height: 17.12px; font-family: Arial, &quot;sans-serif&quot;; color: rgb(55, 65, 81);\">Hãy chắc chắn thực hiện hành động ngay bây giờ bằng cách đặt hàng&nbsp;<span style=\"font-weight: 700; outline: none; font-family: Roboto-bold;\">Thăn Nội Bò Nhật A5 - Cắt Steak TP</span>&nbsp;từ Sieuthithitbo.net. Hãy để mỗi miếng thịt mang đến trải nghiệm ẩm thực đẳng cấp.</span></p><p style=\"outline: none; text-align: center; color: rgb(42, 41, 41); font-family: Roboto; font-size: 13px;\"><span style=\"outline: none; font-size: 12pt; line-height: 17.12px; font-family: Arial, &quot;sans-serif&quot;; color: rgb(55, 65, 81);\"><img src=\"https://www.sieuthithitbo.net/uploads/files/2023/08/24/ba-chi-n-ng.png\" alt=\"thăn nội a5\" width=\"750\" style=\"outline: none; max-width: 100%; height: auto;\"></span></p><p style=\"outline: none; text-align: justify; color: rgb(42, 41, 41); font-family: Roboto; font-size: 13px;\"><span style=\"font-weight: 700; outline: none; font-family: Roboto-bold;\"><span style=\"outline: none; font-size: 12pt; line-height: 17.12px; font-family: Arial, &quot;sans-serif&quot;; color: rgb(55, 65, 81);\">Muốn Tận Hưởng Trải Nghiệm Thực Đơn Đẳng Cấp Tại Nhà?</span></span></p><p style=\"outline: none; text-align: justify; color: rgb(42, 41, 41); font-family: Roboto; font-size: 13px;\"><span style=\"outline: none; font-size: 12pt; line-height: 17.12px; font-family: Arial, &quot;sans-serif&quot;; color: rgb(55, 65, 81);\">Cuộc sống bận rộn có thể khiến việc trải nghiệm một bữa ăn đẳng cấp tại nhà trở nên khó khăn.</span></p><p style=\"outline: none; text-align: justify; color: rgb(42, 41, 41); font-family: Roboto; font-size: 13px;\"><span style=\"font-weight: 700; outline: none; font-family: Roboto-bold;\"><span style=\"outline: none; font-size: 12pt; line-height: 17.12px; font-family: Arial, &quot;sans-serif&quot;; color: rgb(55, 65, 81);\">Đừng Để Cuộc Sống Bận Rộn Che Khuất Niềm Vui Ăn Uống</span></span></p><p style=\"outline: none; text-align: justify; color: rgb(42, 41, 41); font-family: Roboto; font-size: 13px;\"><span style=\"outline: none; font-size: 12pt; line-height: 17.12px; font-family: Arial, &quot;sans-serif&quot;; color: rgb(55, 65, 81);\">Hãy làm cho trải nghiệm ẩm thực đẳng cấp trở nên dễ dàng hơn với&nbsp;<span style=\"font-weight: 700; outline: none; font-family: Roboto-bold;\">Thăn Nội Bò Nhật A5 - Cắt Steak TP</span>. Bạn không cần phải ra ngoài để thưởng thức một bữa ăn ngon lành.</span></p><p style=\"outline: none; text-align: justify; color: rgb(42, 41, 41); font-family: Roboto; font-size: 13px;\"><span style=\"font-weight: 700; outline: none; font-family: Roboto-bold;\"><span style=\"outline: none; font-size: 12pt; line-height: 17.12px; font-family: Arial, &quot;sans-serif&quot;; color: rgb(55, 65, 81);\">Sự Hoàn Hảo Trong Từng Miếng Thịt</span></span></p><p style=\"outline: none; text-align: justify; color: rgb(42, 41, 41); font-family: Roboto; font-size: 13px;\"><span style=\"outline: none; font-size: 12pt; line-height: 17.12px; font-family: Arial, &quot;sans-serif&quot;; color: rgb(55, 65, 81);\">Đạt được giải pháp đến từ&nbsp;<span style=\"font-weight: 700; outline: none; font-family: Roboto-bold;\">Thăn Nội Bò Nhật A5 - Cắt Steak TP</span>, sản phẩm thịt bò cao cấp từ Sieuthithitbo.net. Tận hưởng trải nghiệm ẩm thực đẳng cấp ngay tại ngôi nhà của bạn.</span></p><p style=\"outline: none; text-align: center; color: rgb(42, 41, 41); font-family: Roboto; font-size: 13px;\"><span style=\"outline: none; font-size: 12pt; line-height: 17.12px; font-family: Arial, &quot;sans-serif&quot;; color: rgb(55, 65, 81);\"><img src=\"https://www.sieuthithitbo.net/uploads/files/2023/08/24/a7dd56a0358cc0d2999d.png\" alt=\"thăn nội a5\" width=\"750\" style=\"outline: none; max-width: 100%; height: auto;\"></span></p><p style=\"outline: none; text-align: justify; color: rgb(42, 41, 41); font-family: Roboto; font-size: 13px;\"><span style=\"font-weight: 700; outline: none; font-family: Roboto-bold;\"><span style=\"outline: none; font-size: 12pt; line-height: 17.12px; font-family: Arial, &quot;sans-serif&quot;; color: rgb(55, 65, 81);\">Sự Tinh Tế Trong Từng Sợi Thịt</span></span></p><p style=\"outline: none; text-align: justify; color: rgb(42, 41, 41); font-family: Roboto; font-size: 13px;\"><span style=\"font-weight: 700; outline: none; font-family: Roboto-bold;\"><span style=\"outline: none; font-size: 12pt; line-height: 17.12px; font-family: Arial, &quot;sans-serif&quot;; color: rgb(55, 65, 81);\">Thăn Nội Bò Nhật A5 - Cắt Steak TP</span></span><span style=\"outline: none; font-size: 12pt; line-height: 17.12px; font-family: Arial, &quot;sans-serif&quot;; color: rgb(55, 65, 81);\">&nbsp;không chỉ là sản phẩm thịt bò, mà còn là món ăn mang đến trải nghiệm đẳng cấp, thể hiện sự tinh tế và sang trọng của phong cách sống.</span></p><p style=\"outline: none; text-align: justify; color: rgb(42, 41, 41); font-family: Roboto; font-size: 13px;\"><span style=\"font-weight: 700; outline: none; font-family: Roboto-bold;\"><span style=\"outline: none; font-size: 12pt; line-height: 17.12px; font-family: Arial, &quot;sans-serif&quot;; color: rgb(55, 65, 81);\">Giá Trị Đích Thực</span></span></p><p style=\"outline: none; text-align: justify; color: rgb(42, 41, 41); font-family: Roboto; font-size: 13px;\"><span style=\"outline: none; font-size: 12pt; line-height: 17.12px; font-family: Arial, &quot;sans-serif&quot;; color: rgb(55, 65, 81);\">Mang đến giá trị đích thực với&nbsp;<span style=\"font-weight: 700; outline: none; font-family: Roboto-bold;\">Thăn Nội Bò Nhật A5 - Cắt Steak TP</span>. Trải nghiệm ẩm thực cao cấp không còn là điều xa vời.</span></p><p style=\"outline: none; text-align: justify; color: rgb(42, 41, 41); font-family: Roboto; font-size: 13px;\"><span style=\"font-weight: 700; outline: none; font-family: Roboto-bold;\"><span style=\"outline: none; font-size: 12pt; line-height: 17.12px; font-family: Arial, &quot;sans-serif&quot;; color: rgb(55, 65, 81);\">Trải Nghiệm Đẳng Cấp Tại Ngôi Nhà Của Bạn</span></span></p><p style=\"outline: none; text-align: justify; color: rgb(42, 41, 41); font-family: Roboto; font-size: 13px;\"><span style=\"outline: none; font-size: 12pt; line-height: 17.12px; font-family: Arial, &quot;sans-serif&quot;; color: rgb(55, 65, 81);\">Không cần phải ra ngoài, bạn có thể thưởng thức sự đẳng cấp của&nbsp;<span style=\"font-weight: 700; outline: none; font-family: Roboto-bold;\">Thăn Nội Bò Nhật A5 - Cắt Steak TP</span>&nbsp;ngay tại ngôi nhà của mình.</span></p><p style=\"outline: none; text-align: justify; color: rgb(42, 41, 41); font-family: Roboto; font-size: 13px;\"><span style=\"font-weight: 700; outline: none; font-family: Roboto-bold;\"><span style=\"outline: none; font-size: 12pt; line-height: 17.12px; font-family: Arial, &quot;sans-serif&quot;; color: rgb(55, 65, 81);\">Đặt Hàng Ngay Hôm Nay!</span></span></p><p style=\"outline: none; text-align: justify; color: rgb(42, 41, 41); font-family: Roboto; font-size: 13px;\"><span style=\"outline: none; font-size: 12pt; line-height: 17.12px; font-family: Arial, &quot;sans-serif&quot;; color: rgb(55, 65, 81);\">Hãy đặt hàng ngay hôm nay tại Sieuthithitbo.net để trải nghiệm sự đẳng cấp từ&nbsp;<span style=\"font-weight: 700; outline: none; font-family: Roboto-bold;\">Thăn Nội Bò Nhật A5 - Cắt Steak TP</span>.</span></p><p style=\"outline: none; text-align: center; color: rgb(42, 41, 41); font-family: Roboto; font-size: 13px;\"><span style=\"font-weight: 700; outline: none; font-family: Roboto-bold;\"><span style=\"outline: none; font-size: 12pt; line-height: 17.12px; font-family: Arial, &quot;sans-serif&quot;; color: rgb(55, 65, 81);\"><img src=\"https://www.sieuthithitbo.net/uploads/files/2023/08/24/z4525854910942_5ae228fd8d7f205ff.png\" alt=\"thăn nội a5\" width=\"750\" style=\"outline: none; max-width: 100%; height: auto;\"></span></span></p>', 1, '2024-08-21 00:00:00.000000', '2024-08-21', NULL),
(8, 'THĂN LƯNG BÒ WAGYU ÚC - CẮT STEAK 1,5CM', 'x1z37JWZoAX80gQnq5n945v0GQFp0hayjYyYpSRz.png', 37500000.00, 3240000.00, 3, '<h1 style=\"margin-top: 0px; margin-bottom: 5px; font-size: 18px; font-family: Roboto-bold; color: rgb(42, 41, 41); outline: none; text-align: center;\"><span style=\"outline: none; font-size: 14pt;\"><span style=\"font-weight: 700; outline: none;\"><span style=\"outline: none; line-height: 19.9733px; font-family: Arial, &quot;sans-serif&quot;; color: red;\">Thăn Lưng Bò Wagyu Úc - Cắt Steak: Giá Trị Dinh Dưỡng và Hương Vị Tinh Tế Cho Thực Đơn Đẳng Cấp</span></span></span></h1><p style=\"outline: none; text-align: justify; color: rgb(42, 41, 41); font-family: Roboto; font-size: 13px;\"><span style=\"outline: none; font-size: 12pt; line-height: 17.12px; font-family: Arial, &quot;sans-serif&quot;; color: rgb(55, 65, 81);\">Khám phá hương vị đẳng cấp từ Thăn Lưng Bò Wagyu Úc - Cắt Steak tại&nbsp;<a title=\"Sieuthithitbo.net\" href=\"http://www.sieuthithitbo.net/\" style=\"color: unset; font-weight: bold; outline: none;\">Sieuthithitbo.net</a>. Đánh giá cao giá trị dinh dưỡng và hương vị tinh tế, sản phẩm phục vụ nhu cầu ẩm thực đẳng cấp.</span></p><p style=\"outline: none; text-align: justify; color: rgb(42, 41, 41); font-family: Roboto; font-size: 13px;\"><span style=\"font-weight: 700; outline: none; font-family: Roboto-bold;\"><span style=\"outline: none; font-size: 12pt; line-height: 17.12px; font-family: Arial, &quot;sans-serif&quot;; color: rgb(55, 65, 81);\">Khám Phá Hương Vị Đẳng Cấp Với Thăn Lưng Bò Wagyu Úc - Cắt Steak</span></span></p><p style=\"outline: none; text-align: justify; color: rgb(42, 41, 41); font-family: Roboto; font-size: 13px;\"><span style=\"outline: none; font-size: 12pt; line-height: 17.12px; font-family: Arial, &quot;sans-serif&quot;; color: rgb(55, 65, 81);\">Chào mừng bạn đến với Sieuthithitbo.net, nơi chúng tôi mang đến hương vị đẳng cấp qua&nbsp;<span style=\"font-weight: 700; outline: none; font-family: Roboto-bold;\">Thăn Lưng Bò Wagyu Úc - Cắt Steak</span>. Hãy cùng khám phá giá trị dinh dưỡng và hương vị tinh tế của món ăn thượng hạng này.</span></p><p style=\"outline: none; text-align: center; color: rgb(42, 41, 41); font-family: Roboto; font-size: 13px;\"><span style=\"outline: none; font-size: 12pt; line-height: 17.12px; font-family: Arial, &quot;sans-serif&quot;; color: rgb(55, 65, 81);\"><img src=\"https://www.sieuthithitbo.net/uploads/files/2023/08/24/Than-Lung-Bo-Wagyu-MB5.png\" alt=\"Thăn lưng bò wagyu úc\" width=\"750\" style=\"outline: none; max-width: 100%; height: auto;\"></span></p><p style=\"outline: none; text-align: justify; color: rgb(42, 41, 41); font-family: Roboto; font-size: 13px;\"><span style=\"font-weight: 700; outline: none; font-family: Roboto-bold;\"><span style=\"outline: none; font-size: 12pt; line-height: 17.12px; font-family: Arial, &quot;sans-serif&quot;; color: rgb(55, 65, 81);\">Đánh Giá Cao Giá Trị Dinh Dưỡng và Hương Vị Tinh Tế</span></span></p><p style=\"outline: none; text-align: justify; color: rgb(42, 41, 41); font-family: Roboto; font-size: 13px;\"><span style=\"outline: none; font-size: 12pt; line-height: 17.12px; font-family: Arial, &quot;sans-serif&quot;; color: rgb(55, 65, 81);\">Không chỉ là món ăn,&nbsp;<span style=\"font-weight: 700; outline: none; font-family: Roboto-bold;\">Thăn Lưng Bò Wagyu Úc - Cắt Steak</span>&nbsp;là sự kết hợp hoàn hảo giữa giá trị dinh dưỡng và hương vị tinh tế. Sản phẩm này đã được đánh giá cao bởi những người đam mê ẩm thực đẳng cấp.</span></p><p style=\"outline: none; text-align: justify; color: rgb(42, 41, 41); font-family: Roboto; font-size: 13px;\"><span style=\"font-weight: 700; outline: none; font-family: Roboto-bold;\"><span style=\"outline: none; font-size: 12pt; line-height: 17.12px; font-family: Arial, &quot;sans-serif&quot;; color: rgb(55, 65, 81);\">Trải Nghiệm Ẩm Thực Đẳng Cấp Với Thăn Lưng Bò Wagyu Úc - Cắt Steak</span></span></p><p style=\"outline: none; text-align: justify; color: rgb(42, 41, 41); font-family: Roboto; font-size: 13px;\"><span style=\"outline: none; font-size: 12pt; line-height: 17.12px; font-family: Arial, &quot;sans-serif&quot;; color: rgb(55, 65, 81);\">Bạn đã từng khao khát trải nghiệm ẩm thực đẳng cấp tại nhà?&nbsp;<span style=\"font-weight: 700; outline: none; font-family: Roboto-bold;\">Thăn Lưng Bò Wagyu Úc - Cắt Steak</span>&nbsp;sẽ đáp ứng nguyện vọng của bạn, mang đến hương vị tinh tế và sự ấm áp cho thực đơn hàng ngày.</span></p><p style=\"outline: none; text-align: center; color: rgb(42, 41, 41); font-family: Roboto; font-size: 13px;\"><span style=\"outline: none; font-size: 12pt; line-height: 17.12px; font-family: Arial, &quot;sans-serif&quot;; color: rgb(55, 65, 81);\"><img src=\"https://www.sieuthithitbo.net/uploads/files/2023/08/24/wagyu-6-x600x600x4.png\" alt=\"Thăn lưng bò wagyu úc\" width=\"650\" style=\"outline: none; max-width: 100%; height: auto;\"></span></p><p style=\"outline: none; text-align: justify; color: rgb(42, 41, 41); font-family: Roboto; font-size: 13px;\"><span style=\"font-weight: 700; outline: none; font-family: Roboto-bold;\"><span style=\"outline: none; font-size: 12pt; line-height: 17.12px; font-family: Arial, &quot;sans-serif&quot;; color: rgb(55, 65, 81);\">Khám Phá Hương Vị Đẳng Cấp Ngay Hôm Nay</span></span></p><p style=\"outline: none; text-align: justify; color: rgb(42, 41, 41); font-family: Roboto; font-size: 13px;\"><span style=\"outline: none; font-size: 12pt; line-height: 17.12px; font-family: Arial, &quot;sans-serif&quot;; color: rgb(55, 65, 81);\">Hãy thực hiện hành động ngay hôm nay bằng cách đặt hàng&nbsp;<span style=\"font-weight: 700; outline: none; font-family: Roboto-bold;\">Thăn Lưng Bò Wagyu Úc - Cắt Steak</span>&nbsp;từ Sieuthithitbo.net. Khám phá giá trị dinh dưỡng và hương vị tinh tế mà sản phẩm này mang lại.</span></p><p style=\"outline: none; text-align: justify; color: rgb(42, 41, 41); font-family: Roboto; font-size: 13px;\"><span style=\"font-weight: 700; outline: none; font-family: Roboto-bold;\"><span style=\"outline: none; font-size: 12pt; line-height: 17.12px; font-family: Arial, &quot;sans-serif&quot;; color: rgb(55, 65, 81);\">Mong Muốn Thưởng Thức Món Ăn Đẳng Cấp Tại Nhà?</span></span></p><p style=\"outline: none; text-align: justify; color: rgb(42, 41, 41); font-family: Roboto; font-size: 13px;\"><span style=\"outline: none; font-size: 12pt; line-height: 17.12px; font-family: Arial, &quot;sans-serif&quot;; color: rgb(55, 65, 81);\">Trong thế giới bận rộn, việc thưởng thức món ăn đẳng cấp tại nhà có thể là một thách thức đối với bạn.</span></p><p style=\"outline: none; text-align: justify; color: rgb(42, 41, 41); font-family: Roboto; font-size: 13px;\"><span style=\"font-weight: 700; outline: none; font-family: Roboto-bold;\"><span style=\"outline: none; font-size: 12pt; line-height: 17.12px; font-family: Arial, &quot;sans-serif&quot;; color: rgb(55, 65, 81);\">Đừng Bỏ Lỡ Cơ Hội Trải Nghiệm Ẩm Thực Đẳng Cấp</span></span></p><p style=\"outline: none; text-align: justify; color: rgb(42, 41, 41); font-family: Roboto; font-size: 13px;\"><span style=\"outline: none; font-size: 12pt; line-height: 17.12px; font-family: Arial, &quot;sans-serif&quot;; color: rgb(55, 65, 81);\">Nhưng đừng để cuộc sống bận rộn cản trở khả năng thưởng thức ẩm thực đẳng cấp.&nbsp;<span style=\"font-weight: 700; outline: none; font-family: Roboto-bold;\">Thăn Lưng Bò Wagyu Úc - Cắt Steak</span>&nbsp;là giải pháp đáng chờ đợi.</span></p><p style=\"outline: none; text-align: justify; color: rgb(42, 41, 41); font-family: Roboto; font-size: 13px;\"><span style=\"outline: none; font-size: 12pt; line-height: 17.12px; font-family: Arial, &quot;sans-serif&quot;; color: rgb(55, 65, 81);\">Với&nbsp;<span style=\"font-weight: 700; outline: none; font-family: Roboto-bold;\">Thăn Lưng Bò Wagyu Úc - Cắt Steak</span>, bạn có cơ hội trải nghiệm ẩm thực đẳng cấp tại nhà. Hương vị tinh tế và giá trị dinh dưỡng chắc chắn sẽ khiến bạn hài lòng.</span></p><p style=\"outline: none; text-align: center; color: rgb(42, 41, 41); font-family: Roboto; font-size: 13px;\"><span style=\"outline: none; font-size: 12pt; line-height: 17.12px; font-family: Arial, &quot;sans-serif&quot;; color: rgb(55, 65, 81);\"><img src=\"https://www.sieuthithitbo.net/uploads/files/2023/08/23/Rib-eye-wagyu-c-2.png\" alt=\"\" width=\"750\" style=\"outline: none; max-width: 100%; height: auto;\"></span></p>', 1, '2024-08-21 00:00:00.000000', '2024-08-21', NULL);
INSERT INTO `products` (`id`, `name`, `image`, `price`, `sale_price`, `category_id`, `description`, `status`, `created_at`, `updated_at`, `update_at`) VALUES
(9, 'THĂN NGOẠI BÒ WAGYU ÚC - CẮT STEAK 1,5CM', 'NGFAppR0kQKBiqAPuWSB3LrpjuyaTmtsoJx7aVlZ.png', 37500000.00, 1150000.00, 3, '<p style=\"outline: none; text-align: center; color: rgb(42, 41, 41); font-family: Roboto; font-size: 13px;\"><span style=\"outline: none; font-size: 18pt; font-family: &quot;times new roman&quot;, times, serif; color: rgb(255, 0, 0);\"><span style=\"font-weight: 700; outline: none; font-family: Roboto-bold;\">Giới thiệu bò Wagyu Úc</span></span></p><p style=\"outline: none; text-align: justify; color: rgb(42, 41, 41); font-family: Roboto; font-size: 13px;\"><span style=\"outline: none; font-size: 14pt; font-family: &quot;times new roman&quot;, times, serif;\">Bò Wagyu là giống bò có tiếng trên toàn thế giới, giống thuần chủng chỉ có tại Nhật Bản, quê hương của những cực phẩm bàn tiệc hạng sang. Hương và vị của loại thịt này đặc biệt ngon nhờ vào đặc tính giống bò, cộng thêm quy trình nuôi dưỡng độc nhất, mọi công đoạn từ lúc sinh ra đến nuôi dưỡng đều vô cùng ấn tượng nên vì thế, muốn dùng phải trả một mức giá khá đắt đỏ.</span></p><p style=\"outline: none; text-align: justify; color: rgb(42, 41, 41); font-family: Roboto; font-size: 13px;\"><span style=\"outline: none; font-size: 14pt; font-family: &quot;times new roman&quot;, times, serif;\">Không hẳn là giải pháp thay thế nhưng hiện nay số lượng người sử dụng Bò Wagyu Úc - Australian Wagyu thay vì Bò Wagyu Nhật Bản nhiều hơn, vì một số lý do mà trong đó, giá cả của thịt bò Wagyu Úc thực sự mềm hơn rất nhiều.</span></p><p style=\"outline: none; text-align: justify; color: rgb(42, 41, 41); font-family: Roboto; font-size: 13px;\"><span style=\"outline: none; font-size: 14pt; font-family: &quot;times new roman&quot;, times, serif;\"><img src=\"https://www.sieuthithitbo.net/uploads/files/2023/06/27/Th-n-ngo-i-wagyu-c.jpg\" alt=\"Thăn Ngoại Bò Wagyu Úc - Wagyu Striploin \" width=\"900\" style=\"outline: none; max-width: 100%; height: auto;\"></span></p><p style=\"outline: none; text-align: justify; color: rgb(42, 41, 41); font-family: Roboto; font-size: 13px;\"><span style=\"outline: none; font-size: 14pt; font-family: &quot;times new roman&quot;, times, serif;\">Về nguồn gốc xuất xứ, bò Wagyu Úc dĩ nhiên có xuất xứ tại Úc, là giống bò Wagyu nhưng đến 95% đã bị lai tạp với các giống bò khác (không thuần chủng), chúng cũng được thực hiện nuôi theo quy trình chuẩn Nhật, với các giai đoạn lớn lên, sinh trưởng hay thư giãn đều rất nghiêm ngặt, để cho ra chất lượng thịt tốt nhất có thể.</span></p><p style=\"outline: none; text-align: justify; color: rgb(42, 41, 41); font-family: Roboto; font-size: 13px;\"><span style=\"outline: none; font-size: 14pt; font-family: &quot;times new roman&quot;, times, serif;\">Chưa kể đến chất lượng thịt khi thưởng thức, thì thịt bò Wagyu Úc vẫn có cho mình vân mỡ hình cẩm thạch - điểm nhấn trong lòng thực khách sành ăn. Vì bị lai tạo nên chất lượng ít nhiều bị ảnh hưởng và không đồng nhất, nếu như vân mỡ xen kẽ càng đều, càng đẹp thì miếng thịt Wagyu đó càng giá trị. Vân mỡ phản ánh được chất lượng chăm sóc và với người sành ăn, có thể qua vân mỡ mà nhìn được vị ngon của miếng thịt.</span></p><p style=\"outline: none; text-align: justify; color: rgb(42, 41, 41); font-family: Roboto; font-size: 13px;\">&nbsp;</p><p style=\"outline: none; text-align: justify; color: rgb(42, 41, 41); font-family: Roboto; font-size: 13px;\"><span style=\"outline: none; color: rgb(255, 0, 0); font-size: 18pt;\"><span style=\"font-weight: 700; outline: none; font-family: Roboto-bold;\"><span style=\"outline: none; font-family: &quot;times new roman&quot;, times, serif;\">Thịt Thăn Ngoại Bò Wagyu Úc là phần thịt như thế nào?</span></span></span></p><p style=\"outline: none; text-align: justify; color: rgb(42, 41, 41); font-family: Roboto; font-size: 13px;\"><span style=\"outline: none; font-size: 14pt; font-family: &quot;times new roman&quot;, times, serif;\"><span style=\"outline: none;\"><span style=\"font-weight: 700; outline: none; font-family: Roboto-bold;\">Thịt Thăn Ngoại Bò Wagyu Úc (Australian Wagyu Striploin/ Sirloin)</span>&nbsp;là phần nạc được lấy từ lưng của bò, phần thịt này rất mềm và có hương vị đặc biệt, tách biệt hoàn toàn với Thăn Nội, xương và sụn. Là một loại thịt mềm, thịt thăn ở phần này là lựa chọn tốt nhất để làm món Steak, và các món ăn Barbecue (tiệc n</span><span style=\"outline: none;\">goài trời</span><span style=\"outline: none;\">).</span></span></p><p style=\"outline: none; text-align: justify; color: rgb(42, 41, 41); font-family: Roboto; font-size: 13px;\"><span style=\"outline: none; font-size: 14pt; font-family: &quot;times new roman&quot;, times, serif;\">Về mặt cấu trúc thì chúng có thể so với phần thịt ức, do không có quá nhiều mỡ bao quanh ở lớp ngoài. Chúng có hình dáng thon, những chóp thịt mỏng sẽ được chế biến nhanh hơn so với những miếng thịt có lớp mỡ bao quanh chúng. Thăn Ngoại cũng đặc trưng bởi phần thịt nạc xen kẽ các đường chỉ mỡ, tạo thành vân cẩm thạch ấn tượng.&nbsp;</span></p><p style=\"outline: none; text-align: justify; color: rgb(42, 41, 41); font-family: Roboto; font-size: 13px;\"><span style=\"outline: none; font-size: 14pt; font-family: &quot;times new roman&quot;, times, serif;\">Về mặt mùi vị, Mùi thịt cũng như lượng mỡ của chúng cũng không quá cao, vì phần này của bò không hoạt động nhiều nên có xen kẽ mỡ và ít cơ, cho ra một miếng thịt có độ mềm ngon và rất bổ dưỡng. Thăn ngoại thường được dùng làm bít tết bởi thịt có nhiều mỡ dắt giúp thịt không bị khô khi rán hoặc nướng. Ngoài ra có thể dùng để xào hoặc làm bò lúc lắc.</span></p><p style=\"outline: none; text-align: justify; color: rgb(42, 41, 41); font-family: Roboto; font-size: 13px;\"><span style=\"outline: none; font-size: 14pt; font-family: &quot;times new roman&quot;, times, serif;\"><img src=\"https://www.sieuthithitbo.net/uploads/files/2023/06/27/Th-n-ngo-i-wagyu-c-3.jpg\" alt=\"Thăn Ngoại Bò Wagyu Úc - Wagyu Striploin \" width=\"900\" style=\"outline: none; max-width: 100%; height: auto;\"></span></p><p style=\"outline: none; text-align: justify; color: rgb(42, 41, 41); font-family: Roboto; font-size: 13px;\">&nbsp;</p><p style=\"outline: none; text-align: justify; color: rgb(42, 41, 41); font-family: Roboto; font-size: 13px;\"><span style=\"font-weight: 700; outline: none; font-family: Roboto-bold;\"><span style=\"outline: none; font-size: 18pt; font-family: &quot;times new roman&quot;, times, serif; color: rgb(255, 0, 0);\">Dùng để chế biến món gì ngon?</span></span></p><p style=\"outline: none; text-align: justify; color: rgb(42, 41, 41); font-family: Roboto; font-size: 13px;\"><span style=\"outline: none; font-size: 14pt; font-family: &quot;times new roman&quot;, times, serif;\">Bạn chỉ cần ướp miếng thịt, nướng, cắt lát, ăn kèm với một bát đậu pinquito, đi kèm là xốt cà chua salad (nước sốt làm từ cà chua, hành, ớt) và bánh mì bơ tỏi.</span></p><p style=\"outline: none; text-align: justify; color: rgb(42, 41, 41); font-family: Roboto; font-size: 13px;\"><span style=\"outline: none; font-size: 14pt; font-family: &quot;times new roman&quot;, times, serif;\">Chất béo trong bò Wagyu rất dồi dào, nhưng thực tế thì đây là chất béo chưa no và có ít calo hơn trong chất béo của những loại bò thông thường khác hay trong các sản phẩm khác như kem, bơ. Không chỉ thơm ngon, giàu chất dinh dưỡng mà thịt bò còn cung cấp nhiều năng lượng, mang lại nhiều lợi ích cho sức khỏe của bạn:</span></p><ul style=\"outline: none; color: rgb(42, 41, 41); font-family: Roboto; font-size: 13px; text-align: justify;\"><li style=\"outline: none;\"><span style=\"outline: none; font-size: 14pt; font-family: &quot;times new roman&quot;, times, serif;\">Tăng cường cơ bắp: Thịt bò chứa nhiều khoáng chất như protein, kali, hỗ trợ sự phát triển của cơ bắp.</span></li><li style=\"outline: none;\"><span style=\"outline: none; font-size: 14pt; font-family: &quot;times new roman&quot;, times, serif;\">Giàu vitamin B6, protein, magiê và kẽm: Giúp bạn xây dựng khả năng miễn dịch, giúp chuyển hóa và tổng hợp thức ăn. Góp phần phục hồi cơ thể sau khi những hoạt động cường độ cao. Tăng cường hệ thống miễn dịch và tăng hiệu quả của sự trao đổi chất insulin</span></li><li style=\"outline: none;\"><span style=\"outline: none; font-size: 14pt; font-family: &quot;times new roman&quot;, times, serif;\">Giàu axit linoleic tổng hợp và vitamin B12: giúp giảm tổn thương mô trong quá trình vận động mạnh. Cung cấp năng lượng cần thiết cho cơ thể trong những hoạt động cường độ cao.</span></li><li style=\"outline: none;\"><span style=\"outline: none; font-size: 14pt; font-family: &quot;times new roman&quot;, times, serif;\">Giàu chất sắt: Giúp bổ sung lượng máu cho cơ thể và phòng tránh cơ thể bị thiếu máu.</span></li></ul>', 1, '2024-08-21 00:00:00.000000', '2024-08-21', NULL),
(10, 'WAGYU EYE FILLET/TENDERLOIN', 'xNHgCN8pZmEZnGPuV6hgNsghbHxU9ecMl6TV0o7a.png', 27500000.00, 2150000.00, 3, '<p style=\"outline: none; color: rgb(42, 41, 41); font-family: Roboto; font-size: 13px;\"><span style=\"outline: none; font-size: 14pt; font-family: arial, helvetica, sans-serif; color: rgb(0, 0, 0);\"><span style=\"font-weight: 700; outline: none; font-family: Roboto-bold;\">Thịt Thăn Nội Bò Wagyu Úc (Australian Wagyu Tenderloin/ Eye Fillet)</span></span></p><p style=\"outline: none; color: rgb(42, 41, 41); font-family: Roboto; font-size: 13px;\"><span style=\"outline: none; font-size: 12pt; font-family: arial, helvetica, sans-serif; color: rgb(0, 0, 0);\"><span style=\"font-weight: 700; outline: none; font-family: Roboto-bold;\">Bò Wagyu</span>&nbsp;là giống bò có tiếng trên toàn thế giới, giống thuần chủng chỉ có tại Nhật Bản, quê hương của những cực phẩm bàn tiệc hạng sang. Hương và vị của loại thịt này đặc biệt ngon nhờ vào đặc tính giống bò, cộng thêm quy trình nuôi dưỡng độc nhất, mọi công đoạn từ lúc sinh ra đến nuôi dưỡng đều vô cùng ấn tượng nên vì thế, muốn dùng phải trả một mức giá khá đắt đỏ.</span></p><p style=\"outline: none; color: rgb(42, 41, 41); font-family: Roboto; font-size: 13px;\"><span style=\"outline: none; font-size: 12pt; font-family: arial, helvetica, sans-serif; color: rgb(0, 0, 0);\">Không hẳn là giải pháp thay thế nhưng hiện nay số lượng người sử dụng Bò Wagyu Úc - Australian Wagyu thay vì Bò Wagyu Nhật Bản nhiều hơn, vì một số lý do mà trong đó, giá cả của thịt bò Wagyu Úc thực sự mềm hơn rất nhiều.</span></p><p style=\"outline: none; text-align: justify; color: rgb(42, 41, 41); font-family: Roboto; font-size: 13px;\"><span style=\"outline: none; font-size: 14pt; font-family: &quot;times new roman&quot;, times, serif;\"><img src=\"https://www.sieuthithitbo.net/uploads/files/2023/06/27/Th-n-n-i-Wagyu-c-1650941479.jpg\" alt=\"Wagyu Eye Fillet/Tenderloin\" width=\"900\" style=\"outline: none; max-width: 100%; height: auto;\"></span></p><p style=\"outline: none; text-align: justify; color: rgb(42, 41, 41); font-family: Roboto; font-size: 13px;\"><span style=\"outline: none; font-size: 14pt; font-family: &quot;times new roman&quot;, times, serif;\">Về nguồn gốc xuất xứ, bò Wagyu Úc dĩ nhiên có xuất xứ tại Úc, là giống bò Wagyu nhưng đến 95% đã bị lai tạp với các giống bò khác (không thuần chủng), chúng cũng được thực hiện nuôi theo quy trình chuẩn Nhật, với các giai đoạn lớn lên, sinh trưởng hay thư giãn đều rất nghiêm ngặt, để cho ra chất lượng thịt tốt nhất có thể.</span></p><p style=\"outline: none; text-align: justify; color: rgb(42, 41, 41); font-family: Roboto; font-size: 13px;\"><span style=\"outline: none; font-size: 14pt; font-family: &quot;times new roman&quot;, times, serif;\">Chưa kể đến chất lượng thịt khi thưởng thức, thì thịt bò Wagyu Úc vẫn có cho mình vân mỡ hình cẩm thạch - điểm nhấn trong lòng thực khách sành ăn. Vì bị lai tạo nên chất lượng ít nhiều bị ảnh hưởng và không đồng nhất, nếu như vân mỡ xen kẽ càng đều, càng đẹp thì miếng thịt Wagyu đó càng giá trị. Vân mỡ phản ánh được chất lượng chăm sóc và với người sành ăn, có thể qua vân mỡ mà nhìn được vị ngon của miếng thịt.</span></p><p style=\"outline: none; text-align: justify; color: rgb(42, 41, 41); font-family: Roboto; font-size: 13px;\"><span style=\"outline: none; font-size: 14pt; font-family: &quot;times new roman&quot;, times, serif;\"><img src=\"https://www.sieuthithitbo.net/uploads/files/2023/06/27/Wagyu-c-2-1650941479.jpg\" alt=\"Wagyu Eye Fillet/Tenderloin\" width=\"900\" style=\"outline: none; max-width: 100%; height: auto;\"></span></p><p style=\"outline: none; text-align: justify; color: rgb(42, 41, 41); font-family: Roboto; font-size: 13px;\"><span style=\"outline: none; font-size: 18pt;\"><span style=\"font-weight: 700; outline: none; font-family: Roboto-bold;\"><span style=\"outline: none; font-family: &quot;times new roman&quot;, times, serif;\">Thịt Thăn Nội Bò Wagyu Úc là phần thịt như thế nào?</span></span></span></p><p style=\"outline: none; text-align: justify; color: rgb(42, 41, 41); font-family: Roboto; font-size: 13px;\"><span style=\"outline: none; font-size: 14pt; font-family: &quot;times new roman&quot;, times, serif;\">Thịt Thăn Nội Bò Wagyu Úc là phần thịt ngon nhất và cũng đắt tiền nhất của Bò Wagyu Úc. Đây là phần thịt được lấy ra từ phần lưng phía trong của con bò nên thịt rất mềm và ít mỡ, ít gân. Thăn nội bò nói chung và thăn nội bò Wagyu Úc nói riêng có độ mềm hơn các phần thịt khác, hương vị đặc trưng đậm đà, thơm ngậy. Không chỉ nhờ vào chất lượng mà sở dĩ thịt thăn nội đắt vì phần thịt này trên mỗi con bò không nhiều, với mỗi con bò chuẩn xuất chỉ cho ra khoảng&nbsp;<span style=\"font-weight: 700; outline: none; font-family: Roboto-bold;\">6-8kg</span>&nbsp;thịt thăn nội.</span></p><p style=\"outline: none; text-align: justify; color: rgb(42, 41, 41); font-family: Roboto; font-size: 13px;\"><span style=\"outline: none; font-size: 18pt;\"><span style=\"font-weight: 700; outline: none; font-family: Roboto-bold;\"><span style=\"outline: none; font-family: &quot;times new roman&quot;, times, serif;\">Dùng để chế biến món gì ngon?</span></span></span></p><p style=\"outline: none; text-align: justify; color: rgb(42, 41, 41); font-family: Roboto; font-size: 13px;\"><span style=\"outline: none; font-size: 14pt; font-family: &quot;times new roman&quot;, times, serif;\">Thịt Thăn Nội Bò Wagyu Úc là một sản phẩm thuộc dòng CẬN CAO CẤP. Thường được sử dụng làm nguyên liệu chế biến món ăn trong những bữa tiệc SANG TRỌNG.</span></p><p style=\"outline: none; text-align: justify; color: rgb(42, 41, 41); font-family: Roboto; font-size: 13px;\"><span style=\"outline: none; font-size: 14pt; font-family: &quot;times new roman&quot;, times, serif;\">Vậy dùng Thăn Nội Bò Wagyu Úc nấu món gì vừa ngon, lại vừa sang trọng?</span></p><ul style=\"outline: none; color: rgb(42, 41, 41); font-family: Roboto; font-size: 13px; text-align: justify;\"><li style=\"outline: none;\"><span style=\"outline: none; font-size: 14pt; font-family: &quot;times new roman&quot;, times, serif;\">Áp chảo với rượu vang đỏ:&nbsp;</span></li></ul><p style=\"outline: none; text-align: justify; color: rgb(42, 41, 41); font-family: Roboto; font-size: 13px;\"><span style=\"outline: none; font-size: 14pt; font-family: &quot;times new roman&quot;, times, serif;\"><span style=\"font-weight: 700; outline: none; font-family: Roboto-bold;\">Bạn cần chuẩn bị:</span></span></p><p style=\"outline: none; text-align: justify; color: rgb(42, 41, 41); font-family: Roboto; font-size: 13px;\"><span style=\"outline: none; font-size: 14pt; font-family: &quot;times new roman&quot;, times, serif;\">- 2 miếng thịt bò cắt steak;</span></p><p style=\"outline: none; text-align: justify; color: rgb(42, 41, 41); font-family: Roboto; font-size: 13px;\"><span style=\"outline: none; font-size: 14pt; font-family: &quot;times new roman&quot;, times, serif;\">- ¼ chén dầu ô liu;</span></p><p style=\"outline: none; text-align: justify; color: rgb(42, 41, 41); font-family: Roboto; font-size: 13px;\"><span style=\"outline: none; font-size: 14pt; font-family: &quot;times new roman&quot;, times, serif;\">- 2 củ tỏi, thái nhỏ;</span></p><p style=\"outline: none; text-align: justify; color: rgb(42, 41, 41); font-family: Roboto; font-size: 13px;\"><span style=\"outline: none; font-size: 14pt; font-family: &quot;times new roman&quot;, times, serif;\">- 1 thìa cà phê hương thảo xay nhỏ;</span></p><p style=\"outline: none; text-align: justify; color: rgb(42, 41, 41); font-family: Roboto; font-size: 13px;\"><span style=\"outline: none; font-size: 14pt; font-family: &quot;times new roman&quot;, times, serif;\">- 70 ml rượu vang đỏ;</span></p><p style=\"outline: none; text-align: justify; color: rgb(42, 41, 41); font-family: Roboto; font-size: 13px;\"><span style=\"outline: none; font-size: 14pt; font-family: &quot;times new roman&quot;, times, serif;\"><span style=\"font-weight: 700; outline: none; font-family: Roboto-bold;\">Công thức chế biến:</span></span></p><p style=\"outline: none; text-align: justify; color: rgb(42, 41, 41); font-family: Roboto; font-size: 13px;\"><span style=\"outline: none; font-size: 14pt; font-family: &quot;times new roman&quot;, times, serif;\">- Ướp thịt bò: dầu ô liu, tỏi, hương thảo và rượu vang; phủ đều lên lớp mặt, sau đó đặt sang một bên để thịt ngấm gia vị.</span></p><p style=\"outline: none; text-align: justify; color: rgb(42, 41, 41); font-family: Roboto; font-size: 13px;\"><span style=\"outline: none; font-size: 14pt; font-family: &quot;times new roman&quot;, times, serif;\">- Đun nóng chảo với lửa lớn, cho thịt ráo nước ướp thì bỏ vào chảo áp cho vừa ăn, mỗi bên áp khoảng 3 – 4 phút.</span></p><p style=\"outline: none; text-align: justify; color: rgb(42, 41, 41); font-family: Roboto; font-size: 13px;\"><span style=\"outline: none; font-size: 14pt; font-family: &quot;times new roman&quot;, times, serif;\">- Sau khi thịt nâu và chín đều 2 bên thì lấy thịt ra khỏi chảo, đặt lên giấy bạc và cho thịt nghỉ ngơi khoảng 5 phút.</span></p><p style=\"outline: none; text-align: justify; color: rgb(42, 41, 41); font-family: Roboto; font-size: 13px;\"><span style=\"outline: none; font-size: 14pt; font-family: &quot;times new roman&quot;, times, serif;\">- Làm nước sốt: cho vào chảo phần rượu còn lại, thêm gia vị, đun nhỏ lửa cho đến khi men giảm (3 – 4 phút).</span></p><p style=\"outline: none; text-align: justify; color: rgb(42, 41, 41); font-family: Roboto; font-size: 13px;\"><span style=\"outline: none; font-size: 14pt; font-family: &quot;times new roman&quot;, times, serif;\">- Trang trí thịt bò rán với sốt, khoai và đậu.</span></p><p style=\"outline: none; text-align: justify; color: rgb(42, 41, 41); font-family: Roboto; font-size: 13px;\"><span style=\"outline: none; font-size: 14pt; font-family: &quot;times new roman&quot;, times, serif;\">Với cách chế biến này sẽ ngon hơn, thịt bò sẽ có độ mềm ngậy, thơm thơm mùi ngũ cốc, thấm đều hương và vị. Đây là gợi ý tuyệt vời từ&nbsp;<span style=\"font-weight: 700; outline: none; font-family: Roboto-bold;\">Sieuthithitbo.net</span>, ngoài ra, bạn có thể dùng&nbsp;<span style=\"font-weight: 700; outline: none; font-family: Roboto-bold;\">Thịt Thăn Nội Bò Wagyu Úc</span>&nbsp;chế biến theo nhiều cách như: Nướng, bò lúc lắc,... Với thịt mềm, thơm, phần vân mỡ và thịt xen kẽ đều nhau cùng cách chế biến thích hợp chắc chắn sẽ làm bạn hài lòng.</span></p><p style=\"outline: none; text-align: justify; color: rgb(42, 41, 41); font-family: Roboto; font-size: 13px;\"><span style=\"outline: none; font-size: 14pt; font-family: &quot;times new roman&quot;, times, serif;\">Chất béo trong bò Wagyu rất dồi dào, nhưng thực tế thì đây là chất béo chưa no và có ít calo hơn trong chất béo của những loại bò thông thường khác hay trong các sản phẩm khác như kem, bơ. Không chỉ thơm ngon, giàu chất dinh dưỡng mà thịt bò còn cung cấp nhiều năng lượng, mang lại nhiều lợi ích cho sức khỏe của bạn:</span></p><ul style=\"outline: none; color: rgb(42, 41, 41); font-family: Roboto; font-size: 13px; text-align: justify;\"><li style=\"outline: none;\"><span style=\"outline: none; font-size: 14pt; font-family: &quot;times new roman&quot;, times, serif;\">Tăng cường cơ bắp: Thịt bò chứa nhiều khoáng chất như protein, kali, hỗ trợ sự phát triển của cơ bắp.</span></li><li style=\"outline: none;\"><span style=\"outline: none; font-size: 14pt; font-family: &quot;times new roman&quot;, times, serif;\">Giàu vitamin B6, protein, magiê và kẽm: Giúp bạn xây dựng khả năng miễn dịch, giúp chuyển hóa và tổng hợp thức ăn. Góp phần phục hồi cơ thể sau khi những hoạt động cường độ cao. Tăng cường hệ thống miễn dịch và tăng hiệu quả của sự trao đổi chất insulin.</span></li><li style=\"outline: none;\"><span style=\"outline: none; font-size: 14pt; font-family: &quot;times new roman&quot;, times, serif;\">Giàu axit linoleic tổng hợp và vitamin B12: giúp giảm tổn thương mô trong quá trình vận động mạnh. Cung cấp năng lượng cần thiết cho cơ thể trong những hoạt động cường độ cao.</span></li><li style=\"outline: none;\"><span style=\"outline: none; font-size: 14pt; font-family: &quot;times new roman&quot;, times, serif;\">Giàu chất sắt: Giúp bổ sung lượng máu cho cơ thể và phòng tránh cơ thể bị thiếu máu.</span></li></ul>', 0, '2024-08-21 00:00:00.000000', '2024-08-21', NULL),
(11, 'THĂN NGOẠI BÒ HOKUBEE - HOKUBEE STRIPLOIN', 'Tm3tKRCsZynqG7giTAuS3IWF3AdAFFWCXOrXxmnX.png', 1000000.00, 500000.00, 6, '<p style=\"outline: none; text-align: justify; color: rgb(42, 41, 41); font-family: Roboto; font-size: 13px;\"><span style=\"outline: none; font-family: arial, helvetica, sans-serif; font-size: 12pt;\">Khám phá sự hấp dẫn và đặc biệt của thăn ngoại bò Hokubee, một trong những lựa chọn hàng đầu cho những bữa tiệc thịnh soạn và ngày lễ đặc biệt. Với chất lượng cao cấp và hương vị tuyệt vời, thăn ngoại bò Hokubee sẽ làm hài lòng cả những thực khách khó tính nhất.</span></p><h2 style=\"font-family: Roboto-bold; color: rgb(42, 41, 41); outline: none;\"><span style=\"outline: none; font-family: arial, helvetica, sans-serif; font-size: 12pt;\"><span style=\"font-weight: 700; outline: none; font-family: Roboto-bold;\">Đặc Điểm Của Thăn Ngoại Bò Hokubee</span></span></h2><p style=\"outline: none; text-align: justify; color: rgb(42, 41, 41); font-family: Roboto; font-size: 13px;\"><span style=\"outline: none; font-family: arial, helvetica, sans-serif; font-size: 12pt;\">Thăn ngoại bò Hokubee không chỉ đơn giản là một món thịt bò thông thường, mà nó còn là biểu tượng của sự chất lượng và độ tươi ngon. Chúng tôi đảm bảo sử dụng nguyên liệu nhập khẩu từ các nguồn cung ứng đáng tin cậy, đảm bảo nguồn gốc và chất lượng cao nhất cho mỗi miếng thịt.</span></p><p style=\"outline: none; text-align: justify; color: rgb(42, 41, 41); font-family: Roboto; font-size: 13px;\"><span style=\"outline: none; font-family: arial, helvetica, sans-serif; font-size: 12pt;\">Chúng tôi tự hào mang đến cho bạn Striploin Hokubee được chọn lọc kỹ lưỡng từ phần thăn ngoại, với mỗi miếng thịt được cắt tỉa và chuẩn bị một cách cẩn thận để đảm bảo chất lượng tốt nhất. Sự kết hợp giữa phần thịt mềm mại và độ béo vừa phải của Striploin Hokubee là lựa chọn hoàn hảo cho các món steak và món nướng.</span></p><p style=\"outline: none; text-align: justify; color: rgb(42, 41, 41); font-family: Roboto; font-size: 13px;\"><span style=\"outline: none; font-family: arial, helvetica, sans-serif; font-size: 12pt;\">Không chỉ là một miếng thịt bò thông thường, Striploin Hokubee mang trong mình hương vị đặc trưng và thịt mềm mại, ngọt ngào đặc biệt. Sự cân bằng giữa độ mềm mại và độ đậm đà của hương vị là điểm nổi bật, làm hài lòng mọi thực khách và tạo nên trải nghiệm ẩm thực đích thực không thể quên.</span></p><p style=\"outline: none; text-align: justify; color: rgb(42, 41, 41); font-family: Roboto; font-size: 13px;\"><span style=\"outline: none; font-family: arial, helvetica, sans-serif; font-size: 12pt;\">Với những đặc điểm này, Thăn Ngoại Bò Hokubee không chỉ là một lựa chọn thực sự tuyệt vời cho bất kỳ bữa tiệc nào mà còn là biểu tượng của sự chất lượng và đẳng cấp trong ẩm thực.</span></p><p style=\"outline: none; text-align: justify; color: rgb(42, 41, 41); font-family: Roboto; font-size: 13px;\"><span style=\"outline: none; font-size: 12pt; font-family: arial, helvetica, sans-serif;\"><img src=\"https://www.sieuthithitbo.net/uploads/files/2023/06/27/thanngoai.jpg\" alt=\"\" width=\"600\" style=\"outline: none; max-width: 100%; height: auto; display: block; margin-left: auto; margin-right: auto;\"></span></p><p style=\"outline: none; text-align: justify; color: rgb(42, 41, 41); font-family: Roboto; font-size: 13px;\"><span style=\"outline: none; font-family: arial, helvetica, sans-serif; font-size: 12pt;\">&nbsp;</span></p><p style=\"outline: none; text-align: justify; color: rgb(42, 41, 41); font-family: Roboto; font-size: 13px;\"><span style=\"outline: none; font-family: arial, helvetica, sans-serif; font-size: 12pt;\"><span style=\"font-weight: 700; outline: none; font-family: Roboto-bold;\">Cách Sử Dụng và Chế Biến</span></span></p><p style=\"outline: none; text-align: justify; color: rgb(42, 41, 41); font-family: Roboto; font-size: 13px;\"><span style=\"outline: none; font-size: 12pt;\"><span style=\"font-weight: 700; outline: none; font-family: Roboto-bold;\"><span style=\"outline: none; font-family: arial, helvetica, sans-serif;\"><em style=\"outline: none;\">Steak Hokubee</em></span></span></span></p><p style=\"outline: none; text-align: justify; color: rgb(42, 41, 41); font-family: Roboto; font-size: 13px;\"><span style=\"outline: none; font-family: arial, helvetica, sans-serif; font-size: 12pt;\">Steak Hokubee là một trong những món ăn phổ biến và ngon miệng mà bạn có thể chế biến từ thăn ngoại bò Hokubee. Đầu tiên, phần thăn ngoại sẽ được cắt thành các lát steak mỏng, vừa đủ để nướng hoặc chiên. Sau đó, bạn có thể nướng hoặc chiên các lát steak trên một chảo nóng hoặc grill đến khi chúng có màu vàng ươm và bên ngoài cắt bỏ thìa vào được chín đều. Việc nướng hoặc chiên sẽ giữ lại độ mềm mại và hương vị tốt nhất của thăn ngoại bò Hokubee.</span></p><p style=\"outline: none; text-align: justify; color: rgb(42, 41, 41); font-family: Roboto; font-size: 13px;\"><span style=\"outline: none; font-size: 12pt;\"><span style=\"font-weight: 700; outline: none; font-family: Roboto-bold;\"><span style=\"outline: none; font-family: arial, helvetica, sans-serif;\"><em style=\"outline: none;\">Nướng</em></span></span></span></p><p style=\"outline: none; text-align: justify; color: rgb(42, 41, 41); font-family: Roboto; font-size: 13px;\"><span style=\"outline: none; font-family: arial, helvetica, sans-serif; font-size: 12pt;\">Nướng ngoại là một phương pháp chế biến tuyệt vời để thưởng thức hương vị tự nhiên và độ ngọt ngào của thịt bò Hokubee. Đơn giản, bạn chỉ cần chế biến phần thăn ngoại Hokubee trên lò nướng hoặc lò nướng than củi. Bằng cách này, thịt sẽ tiếp xúc trực tiếp với lửa và khói, tạo ra một lớp vỏ ngoài thơm ngon và giữ lại hương vị tự nhiên của thịt. Việc nướng ngoại giúp giữ nguyên độ mềm mại và độ ngọt ngào của thăn ngoại bò Hokubee mà không cần thêm bất kỳ gia vị hay phụ gia nào.</span></p><h2 style=\"font-family: Roboto-bold; color: rgb(42, 41, 41); outline: none;\"><span style=\"outline: none; font-family: arial, helvetica, sans-serif; font-size: 12pt;\"><span style=\"font-weight: 700; outline: none; font-family: Roboto-bold;\">Sử Dụng Trong Các Món Ngon</span></span></h2><p style=\"outline: none; text-align: justify; color: rgb(42, 41, 41); font-family: Roboto; font-size: 13px;\"><span style=\"outline: none; font-family: arial, helvetica, sans-serif; font-size: 12pt;\">Không chỉ dành cho các món steak và món nướng, Striploin Hokubee cũng là lựa chọn hoàn hảo cho nhiều món ăn khác nhau, từ những món nhẹ nhàng như salad cho đến những món ăn nổi tiếng như mì xào. Độ béo vừa phải và hương vị đặc trưng của Striploin Hokubee làm cho mỗi món ăn trở nên đặc biệt và hấp dẫn.</span></p><p style=\"outline: none; text-align: justify; color: rgb(42, 41, 41); font-family: Roboto; font-size: 13px;\"><span style=\"outline: none; font-size: 12pt;\"><span style=\"font-weight: 700; outline: none; font-family: Roboto-bold;\"><span style=\"outline: none; font-family: arial, helvetica, sans-serif;\"><em style=\"outline: none;\">Salad với Striploin Hokubee</em></span></span></span></p><p style=\"outline: none; text-align: justify; color: rgb(42, 41, 41); font-family: Roboto; font-size: 13px;\"><span style=\"outline: none; font-family: arial, helvetica, sans-serif; font-size: 12pt;\">Một cách sáng tạo để tận dụng Striploin Hokubee là thêm vào các loại salad. Sự kết hợp giữa thịt bò mềm mại và rau củ tươi ngon tạo ra một món salad vừa ngon miệng vừa bổ dưỡng. Bạn có thể thưởng thức món salad này với một số loại sốt ăn kèm, tạo nên một trải nghiệm ẩm thực đa dạng và thú vị.</span></p><p style=\"outline: none; text-align: justify; color: rgb(42, 41, 41); font-family: Roboto; font-size: 13px;\"><span style=\"outline: none; font-size: 12pt;\"><span style=\"font-weight: 700; outline: none; font-family: Roboto-bold;\"><span style=\"outline: none; font-family: arial, helvetica, sans-serif;\"><em style=\"outline: none;\">Mì Xào với Striploin Hokubee</em></span></span></span></p><p style=\"outline: none; text-align: justify; color: rgb(42, 41, 41); font-family: Roboto; font-size: 13px;\"><span style=\"outline: none; font-family: arial, helvetica, sans-serif; font-size: 12pt;\">Nếu bạn muốn thưởng thức Striploin Hokubee theo cách mới lạ, hãy thử sử dụng nó trong các món mì xào. Thịt bò mềm mại kết hợp với các loại rau củ và mì xào thơm ngon tạo ra một món ăn hấp dẫn và đầy dinh dưỡng. Với độ béo và hương vị đặc trưng, Striploin Hokubee sẽ làm cho mỗi miếng mì trở nên đặc biệt và ngon miệng hơn bao giờ hết.</span></p><p style=\"outline: none; text-align: justify; color: rgb(42, 41, 41); font-family: Roboto; font-size: 13px;\"><span style=\"outline: none; font-family: arial, helvetica, sans-serif; font-size: 12pt;\">Với sự linh hoạt và đa dạng trong việc sử dụng, Striploin Hokubee không chỉ là lựa chọn hàng đầu cho các món steak và món nướng mà còn là nguồn cảm hứng cho nhiều món ăn khác nhau. Hãy thử sáng tạo và khám phá cách thưởng thức Striploin Hokubee theo cách mới lạ và độc đáo.</span></p><p style=\"outline: none; text-align: justify; color: rgb(42, 41, 41); font-family: Roboto; font-size: 13px;\"><span style=\"outline: none; font-size: 12pt; font-family: arial, helvetica, sans-serif;\"><img src=\"https://www.sieuthithitbo.net/uploads/files/2023/06/27/thanngoaihokube-1-.jpg\" alt=\"\" width=\"700\" style=\"outline: none; max-width: 100%; height: auto; display: block; margin-left: auto; margin-right: auto;\"></span></p><h2 style=\"font-family: Roboto-bold; color: rgb(42, 41, 41); outline: none;\"><span style=\"outline: none; font-family: arial, helvetica, sans-serif; font-size: 12pt;\"><span style=\"font-weight: 700; outline: none; font-family: Roboto-bold;\">Lựa Chọn Thông Minh và Mua Sắm</span></span></h2><p style=\"outline: none; text-align: justify; color: rgb(42, 41, 41); font-family: Roboto; font-size: 13px;\"><span style=\"outline: none; font-family: arial, helvetica, sans-serif; font-size: 12pt;\">Để tận hưởng trải nghiệm ẩm thực tuyệt vời với thăn ngoại bò Hokubee, việc lựa chọn thông minh và mua sắm đúng nguồn gốc là rất quan trọng. Dưới đây là những gợi ý để bạn có thể thực hiện điều này một cách hiệu quả:</span></p><p style=\"outline: none; text-align: justify; color: rgb(42, 41, 41); font-family: Roboto; font-size: 13px;\"><span style=\"outline: none; font-family: arial, helvetica, sans-serif; font-size: 12pt;\">Kiểm tra nguồn gốc và chất lượng của sản phẩm trước khi mua:</span></p><p style=\"outline: none; text-align: justify; color: rgb(42, 41, 41); font-family: Roboto; font-size: 13px;\"><span style=\"outline: none; font-family: arial, helvetica, sans-serif; font-size: 12pt;\">Đảm bảo kiểm tra nguồn gốc của sản phẩm, đặc biệt là nguồn cung ứng thịt bò, để đảm bảo bạn đang mua sản phẩm chất lượng và an toàn.</span></p><p style=\"outline: none; text-align: justify; color: rgb(42, 41, 41); font-family: Roboto; font-size: 13px;\"><span style=\"outline: none; font-family: arial, helvetica, sans-serif; font-size: 12pt;\">Hãy xem xét các thông tin như chứng nhận về nguồn gốc, quy trình sản xuất và bảo quản để đảm bảo bạn đang chọn lựa sản phẩm tốt nhất cho bữa ăn của mình.</span></p>', 1, '2024-08-21 00:00:00.000000', '2024-08-21', NULL),
(12, 'THĂN LƯNG BÒ HOKUBEE - HOKUBEE SCOTCH FILLET', 'N3no8zm2OSrek9WnVPaUB5X6XxxELu759fEZzf5d.png', 900000.00, 450000.00, 6, '<p style=\"outline: none; text-align: center; color: rgb(42, 41, 41); font-family: Roboto; font-size: 13px;\"><span style=\"outline: none; color: rgb(255, 0, 0); font-size: 18pt;\"><span style=\"font-weight: 700; outline: none; font-family: Roboto-bold;\"><span style=\"outline: none; font-family: &quot;times new roman&quot;, times, serif;\">Thăn Lưng Bò Hokubee (Australian Hokubee Scotch Fillet/ Rib Eye)</span></span></span></p><p style=\"outline: none; text-align: justify; color: rgb(42, 41, 41); font-family: Roboto; font-size: 13px;\"><span style=\"outline: none; font-family: &quot;times new roman&quot;, times, serif; font-size: 14pt;\"><span style=\"font-weight: 700; outline: none; font-family: Roboto-bold;\">Thịt bò Hukobee</span>&nbsp;nghe phát âm có chút nét tương đồng với loại thịt bò Kobe Nhật. Một loại thịt bò nổi tiếng trứ danh mà ai đã ăn thịt bò đều biết đến tên của nó. So với các loại bò khác của Úc, công nghệ nuôi khác biệt bằng cách bổ sung chất béo vào thịt ở những giai đoạn cuối của quá trình thu hoạch .Giúp thịt bò thành phẩm có độ mềm và thơm hơn những loại thịt bò cùng loại.</span></p><p style=\"outline: none; text-align: justify; color: rgb(42, 41, 41); font-family: Roboto; font-size: 13px;\"><span style=\"outline: none; font-size: 14pt; font-family: &quot;times new roman&quot;, times, serif;\">Không hẳn là giải pháp thay thế nhưng hiện nay số lượng người sử dụng Bò Hokubee Úc - Australian Hokubee thay vì Bò Kobe/ Wagyu nhiều hơn, vì một số lý do mà trong đó, chất lượng thịt tuy có phần thua kém với Wagyu/Kobe nhưng vẫn rất ngon, rất đặc biệt và làm thực khách hài lòng.</span></p><p style=\"outline: none; text-align: justify; color: rgb(42, 41, 41); font-family: Roboto; font-size: 13px;\"><span style=\"outline: none; font-size: 14pt; font-family: &quot;times new roman&quot;, times, serif;\">Chưa kể đến chất lượng thịt khi thưởng thức, thì thịt bò Hokubee vẫn có cho mình vân mỡ hình cẩm thạch - điểm nhấn trong lòng thực khách sành ăn; Vân mỡ xen kẽ càng đều, càng đẹp thì miếng thịt đó càng giá trị. Vân mỡ phản ánh được chất lượng chăm sóc và với người sành ăn, có thể qua vân mỡ mà nhìn được vị ngon của miếng thịt.</span></p><p style=\"outline: none; text-align: center; color: rgb(42, 41, 41); font-family: Roboto; font-size: 13px;\"><span style=\"outline: none; font-size: 14pt; font-family: &quot;times new roman&quot;, times, serif;\"><img src=\"https://www.sieuthithitbo.net/uploads/files/2023/06/27/thanlung.jpg\" alt=\"\" width=\"700\" style=\"outline: none; max-width: 100%; height: auto;\"></span></p><p style=\"outline: none; text-align: justify; color: rgb(42, 41, 41); font-family: Roboto; font-size: 13px;\"><span style=\"outline: none; font-size: 18pt; color: rgb(255, 0, 0);\"><span style=\"font-weight: 700; outline: none; font-family: Roboto-bold;\"><span style=\"outline: none; font-family: &quot;times new roman&quot;, times, serif;\"><span style=\"outline: none; font-size: 18pt;\">Thăn Lưng Bò Hokubee l</span>à phần thịt như thế nào?</span></span></span></p><p style=\"outline: none; text-align: justify; color: rgb(42, 41, 41); font-family: Roboto; font-size: 13px;\"><span style=\"outline: none; font-size: 14pt; font-family: &quot;times new roman&quot;, times, serif;\">Thịt Thăn Lưng hay Nạc Lưng (Rib Eye, cũng thường được gọi là Scotch Fillet) là phần thịt thẻo từ xương sườn của con bò nhưng không bao gồm xương sườn. Phần nạc lưng này cũng là phần vận động nhiều của con bò (so với các phần fillet), nên cho hương vị ngọt rất đặc trưng. Thịt nạc lưng luôn giữ được độ mềm mại hấp dẫn dù cho có hơi quá tay trong công đoạn chế biến.</span></p><p style=\"outline: none; text-align: justify; color: rgb(42, 41, 41); font-family: Roboto; font-size: 13px;\"><span style=\"outline: none; font-size: 18pt; color: rgb(255, 0, 0);\"><span style=\"font-weight: 700; outline: none; font-family: Roboto-bold;\"><span style=\"outline: none; font-family: &quot;times new roman&quot;, times, serif;\">Dùng để chế biến món gì ngon?</span></span></span></p><p style=\"outline: none; text-align: justify; color: rgb(42, 41, 41); font-family: Roboto; font-size: 13px;\"><span style=\"outline: none; font-size: 14pt; font-family: &quot;times new roman&quot;, times, serif;\">Nạc lưng bò là phần thịt ngon nhất và thông dụng nhất để làm món bít tết, do nó có độ mềm, thơm đặc trưng của thịt bò và có pha chút mỡ dắt tạo độ béo ngậy mà người dùng thịt bò ưa thích. Phần mỡ này sẽ bổ sung cho hương vị mềm thơm, béo ngậy của miếng bít tết khi áp chảo hoặc bỏ lò ở nhiệt độ cao.</span></p><p style=\"outline: none; text-align: justify; color: rgb(42, 41, 41); font-family: Roboto; font-size: 13px;\"><span style=\"outline: none; font-size: 14pt; font-family: &quot;times new roman&quot;, times, serif;\">Do nạc lưng bò đã có vị ngọt và thơm đặc trưng của bít tết, khi nấu cần chú ý không cho quá nhiều gia vị, và cần theo dõi thời gian nấu để không chín quá, sẽ làm thịt bị dai và khô. Bít tết nạc lưng bò ngon nhất là chế biến vừa chín tới, thịt sẽ rất mềm và thơm. Khi cắt nạc lưng bò, bạn không nên cắt quá dày hoặc quá mỏng. Khoảng chừng 1–2 cm là vừa phải. Nếu cắt quá mỏng sẽ rất khó chế biến, vì khó xác định thời điểm thịt vừa chín tới theo đúng yêu cầu.</span></p><p style=\"outline: none; text-align: justify; color: rgb(42, 41, 41); font-family: Roboto; font-size: 13px;\"><span style=\"outline: none; font-size: 14pt; font-family: &quot;times new roman&quot;, times, serif;\">Chất béo trong thịt bò rất dồi dào, nhưng thực tế thì đây là chất béo chưa no và có ít calo hơn trong chất béo của những loại bò thông thường khác hay trong các sản phẩm khác như kem, bơ. Không chỉ thơm ngon, giàu chất dinh dưỡng mà thịt bò còn cung cấp nhiều năng lượng, mang lại nhiều lợi ích cho sức khỏe của bạn:</span></p><ul style=\"outline: none; color: rgb(42, 41, 41); font-family: Roboto; font-size: 13px; text-align: justify;\"><li style=\"outline: none;\"><span style=\"outline: none; font-size: 14pt; font-family: &quot;times new roman&quot;, times, serif;\">Tăng cường cơ bắp: Thịt bò chứa nhiều khoáng chất như protein, kali, hỗ trợ sự phát triển của cơ bắp.</span></li><li style=\"outline: none;\"><span style=\"outline: none; font-size: 14pt; font-family: &quot;times new roman&quot;, times, serif;\">Giàu vitamin B6, protein, magiê và kẽm: Giúp bạn xây dựng khả năng miễn dịch, giúp chuyển hóa và tổng hợp thức ăn. Góp phần phục hồi cơ thể sau khi những hoạt động cường độ cao. Tăng cường hệ thống miễn dịch và tăng hiệu quả của sự trao đổi chất insulin</span></li><li style=\"outline: none;\"><span style=\"outline: none; font-size: 14pt; font-family: &quot;times new roman&quot;, times, serif;\">Giàu axit linoleic tổng hợp và vitamin B12: giúp giảm tổn thương mô trong quá trình vận động mạnh. Cung cấp năng lượng cần thiết cho cơ thể trong những hoạt động cường độ cao.</span></li><li style=\"outline: none;\"><span style=\"outline: none; font-size: 14pt; font-family: &quot;times new roman&quot;, times, serif;\">Giàu chất sắt: Giúp bổ sung lượng máu cho cơ thể và phòng tránh cơ thể bị thiếu máu</span></li></ul>', 1, '2024-08-21 00:00:00.000000', '2024-08-21', NULL);
INSERT INTO `products` (`id`, `name`, `image`, `price`, `sale_price`, `category_id`, `description`, `status`, `created_at`, `updated_at`, `update_at`) VALUES
(13, 'BẮP HOA BÒ MỸ - HEEL MUSCLE BEEF - CẮT MỎNG', 'hnbB1BfmuD4lz5wVj8gRkjknmOLbyaypCTObmHFJ.png', 500000.00, 190000.00, 4, '<h1 style=\"margin-top: 0px; margin-bottom: 5px; font-size: 18px; font-family: Roboto-bold; color: rgb(42, 41, 41); outline: none; text-align: center;\"><span style=\"outline: none; font-size: 12pt; color: rgb(255, 0, 0);\"><span style=\"font-weight: 700; outline: none;\"><span style=\"outline: none; line-height: 17.12px; font-family: arial, helvetica, sans-serif;\">Bắp Hoa Bò Mỹ - Heel Muscle Beef: Giải Pháp Tiện Lợi Cho Bữa Ăn Hằng Ngày</span></span></span></h1><p style=\"outline: none; text-align: justify; color: rgb(42, 41, 41); font-family: Roboto; font-size: 13px;\"><span style=\"outline: none; line-height: 17.12px; font-family: arial, helvetica, sans-serif; color: rgb(55, 65, 81); font-size: 12pt;\">Khám phá sự tiện lợi của Bắp Hoa Bò Mỹ - Heel Muscle Beef từ&nbsp;<a title=\"sieuthithitbo.net\" href=\"http://www.sieuthithitbo.net/\" style=\"color: unset; font-weight: bold; outline: none;\">sieuthithitbo.net</a>. Sản phẩm không chỉ đáp ứng nhu cầu ẩm thực hàng ngày mà còn mang đến hương vị thơm ngon đậm đà, độc đáo từ thịt bò Mỹ.</span></p><p style=\"outline: none; text-align: justify; color: rgb(42, 41, 41); font-family: Roboto; font-size: 13px;\"><span style=\"outline: none; font-family: arial, helvetica, sans-serif; font-size: 12pt;\"><span style=\"font-weight: 700; outline: none; font-family: Roboto-bold;\"><span style=\"outline: none; line-height: 17.12px; color: rgb(55, 65, 81);\">Sự Tiện Lợi Từ Bắp Hoa Bò Mỹ - Heel Muscle Beef</span></span></span></p><p style=\"outline: none; text-align: justify; color: rgb(42, 41, 41); font-family: Roboto; font-size: 13px;\"><span style=\"outline: none; line-height: 17.12px; font-family: arial, helvetica, sans-serif; color: rgb(55, 65, 81); font-size: 12pt;\">Chào đón bạn đến với [Tên Công Ty Của Bạn], nơi chúng tôi mang đến giải pháp tiện lợi cho những bữa ăn hàng ngày với sản phẩm độc đáo:&nbsp;<span style=\"font-weight: 700; outline: none; font-family: Roboto-bold;\">Bắp Hoa Bò Mỹ - Heel Muscle Beef</span>. Hãy cùng khám phá cách sản phẩm này thỏa mãn nhu cầu ẩm thực của bạn một cách độc đáo.</span></p><p style=\"outline: none; text-align: justify; color: rgb(42, 41, 41); font-family: Roboto; font-size: 13px;\"><span style=\"outline: none; font-family: arial, helvetica, sans-serif; font-size: 12pt;\"><span style=\"font-weight: 700; outline: none; font-family: Roboto-bold;\"><span style=\"outline: none; line-height: 17.12px; color: rgb(55, 65, 81);\">Hương Vị Thơm Ngon Đậm Đà Từ Bắp Hoa Bò Mỹ</span></span></span></p><p style=\"outline: none; text-align: justify; color: rgb(42, 41, 41); font-family: Roboto; font-size: 13px;\"><span style=\"outline: none; line-height: 17.12px; font-family: arial, helvetica, sans-serif; color: rgb(55, 65, 81); font-size: 12pt;\">Bắp Hoa Bò Mỹ - Heel Muscle Beef không chỉ là sản phẩm tiện lợi mà còn đảm bảo hương vị thơm ngon đậm đà. Với chất lượng thịt bò Mỹ tuyệt hảo, bạn có thể thực hiện những bữa ăn ngon miệng mà không mất nhiều thời gian.</span></p><p style=\"outline: none; text-align: center; color: rgb(42, 41, 41); font-family: Roboto; font-size: 13px;\"><span style=\"outline: none; line-height: 17.12px; font-family: arial, helvetica, sans-serif; color: rgb(55, 65, 81); font-size: 12pt;\"><img src=\"https://www.sieuthithitbo.net/uploads/files/2023/06/27/bap_hoa_bo_my_1.jpg\" alt=\"bắp hoa bò mỹ\" width=\"750\" style=\"outline: none; max-width: 100%; height: auto;\"></span></p><p style=\"outline: none; text-align: justify; color: rgb(42, 41, 41); font-family: Roboto; font-size: 13px;\"><span style=\"outline: none; font-family: arial, helvetica, sans-serif; font-size: 12pt;\"><span style=\"font-weight: 700; outline: none; font-family: Roboto-bold;\"><span style=\"outline: none; line-height: 17.12px; color: rgb(55, 65, 81);\">Tận Hưởng Bữa Ăn Ẩm Thực Mỗi Ngày</span></span></span></p><p style=\"outline: none; text-align: justify; color: rgb(42, 41, 41); font-family: Roboto; font-size: 13px;\"><span style=\"outline: none; line-height: 17.12px; font-family: arial, helvetica, sans-serif; color: rgb(55, 65, 81); font-size: 12pt;\">Khao khát thực hiện những bữa ăn ngon miệng, đơn giản và nhanh chóng? Bắp Hoa Bò Mỹ - Heel Muscle Beef sẽ giúp bạn tạo nên những bữa ăn ẩm thực độc đáo, thỏa mãn cả những ngày bận rộn.</span></p><p style=\"outline: none; text-align: justify; color: rgb(42, 41, 41); font-family: Roboto; font-size: 13px;\"><span style=\"outline: none; font-family: arial, helvetica, sans-serif; font-size: 12pt;\"><span style=\"font-weight: 700; outline: none; font-family: Roboto-bold;\"><span style=\"outline: none; line-height: 17.12px; color: rgb(55, 65, 81);\">Đặt Hàng Ngay Để Trải Nghiệm Hương Vị Độc Đáo</span></span></span></p><p style=\"outline: none; text-align: justify; color: rgb(42, 41, 41); font-family: Roboto; font-size: 13px;\"><span style=\"outline: none; line-height: 17.12px; font-family: arial, helvetica, sans-serif; color: rgb(55, 65, 81); font-size: 12pt;\">Hãy thực hiện hành động ngay hôm nay bằng cách đặt hàng&nbsp;<span style=\"font-weight: 700; outline: none; font-family: Roboto-bold;\">Bắp Hoa Bò Mỹ - Heel Muscle Beef</span>&nbsp;từ Sieuthithitbo.net. Đảm bảo bạn không chỉ tiết kiệm thời gian mà còn tận hưởng bữa ăn độc đáo.</span></p><p style=\"outline: none; text-align: center; color: rgb(42, 41, 41); font-family: Roboto; font-size: 13px;\"><span style=\"outline: none; line-height: 17.12px; font-family: arial, helvetica, sans-serif; color: rgb(55, 65, 81); font-size: 12pt;\"><img src=\"https://www.sieuthithitbo.net/uploads/files/2023/06/27/baphoabomy.jpg\" alt=\"bắp hoa bò mỹ\" width=\"750\" style=\"outline: none; max-width: 100%; height: auto;\"></span></p><p style=\"outline: none; text-align: justify; color: rgb(42, 41, 41); font-family: Roboto; font-size: 13px;\"><span style=\"outline: none; font-family: arial, helvetica, sans-serif; font-size: 12pt;\"><span style=\"font-weight: 700; outline: none; font-family: Roboto-bold;\"><span style=\"outline: none; line-height: 17.12px; color: rgb(55, 65, 81);\">Không Đủ Thời Gian Cho Bữa Ăn Ẩm Thực?</span></span></span></p><p style=\"outline: none; text-align: justify; color: rgb(42, 41, 41); font-family: Roboto; font-size: 13px;\"><span style=\"outline: none; line-height: 17.12px; font-family: arial, helvetica, sans-serif; color: rgb(55, 65, 81); font-size: 12pt;\">Bạn có từng gặp vấn đề khi không đủ thời gian để chuẩn bị những bữa ăn ẩm thực ngon miệng, độc đáo cho gia đình? Cuộc sống bận rộn có thể khiến việc nấu nướng trở nên khó khăn.</span></p><p style=\"outline: none; text-align: justify; color: rgb(42, 41, 41); font-family: Roboto; font-size: 13px;\"><span style=\"outline: none; font-family: arial, helvetica, sans-serif; font-size: 12pt;\"><span style=\"font-weight: 700; outline: none; font-family: Roboto-bold;\"><span style=\"outline: none; line-height: 17.12px; color: rgb(55, 65, 81);\">Đừng Buông Xuôi Với Bữa Ăn Thú Vị!</span></span></span></p><p style=\"outline: none; text-align: justify; color: rgb(42, 41, 41); font-family: Roboto; font-size: 13px;\"><span style=\"outline: none; font-family: arial, helvetica, sans-serif; font-size: 12pt;\"><span style=\"outline: none; line-height: 17.12px; color: rgb(55, 65, 81);\">Nhưng đừng để việc bận rộn khiến bạn từ bỏ ước mơ về những bữa ăn ẩm thực thú vị!&nbsp;</span><span style=\"outline: none; color: rgb(55, 65, 81);\">Sieuthithitbo.net</span></span></p><p style=\"outline: none; text-align: center; color: rgb(42, 41, 41); font-family: Roboto; font-size: 13px;\"><span style=\"outline: none; font-family: arial, helvetica, sans-serif; font-size: 12pt;\"><span style=\"outline: none; color: rgb(55, 65, 81);\"><img src=\"https://www.sieuthithitbo.net/uploads/files/2023/06/27/thit-bap-bo-my-kho-ngon.png\" alt=\"Bắp hoa bò Mỹ\" width=\"750\" style=\"outline: none; max-width: 100%; height: auto;\"></span></span></p><p style=\"outline: none; text-align: justify; color: rgb(42, 41, 41); font-family: Roboto; font-size: 13px;\"><span style=\"outline: none; font-family: arial, helvetica, sans-serif; font-size: 12pt;\"><span style=\"font-weight: 700; outline: none; font-family: Roboto-bold;\"><span style=\"outline: none; line-height: 17.12px; color: rgb(55, 65, 81);\">Bắp Hoa Bò Mỹ - Heel Muscle Beef - Giải Pháp Tiện Lợi</span></span></span></p><p style=\"outline: none; text-align: justify; color: rgb(42, 41, 41); font-family: Roboto; font-size: 13px;\"><span style=\"outline: none; line-height: 17.12px; font-family: arial, helvetica, sans-serif; color: rgb(55, 65, 81); font-size: 12pt;\">Với&nbsp;<span style=\"font-weight: 700; outline: none; font-family: Roboto-bold;\">Bắp Hoa Bò Mỹ - Heel Muscle Beef</span>, bạn có một giải pháp tiện lợi. Sản phẩm này giúp bạn tạo nên những bữa ăn ngon miệng, đậm đà mà không tốn quá nhiều thời gian.</span></p><p style=\"outline: none; text-align: justify; color: rgb(42, 41, 41); font-family: Roboto; font-size: 13px;\"><span style=\"outline: none; font-family: arial, helvetica, sans-serif; font-size: 12pt;\"><span style=\"font-weight: 700; outline: none; font-family: Roboto-bold;\"><span style=\"outline: none; line-height: 17.12px; color: rgb(55, 65, 81);\">Sự Kết Hợp Tuyệt Vời Giữa Tiện Lợi và Giá Phải Chăng</span></span></span></p><p style=\"outline: none; text-align: justify; color: rgb(42, 41, 41); font-family: Roboto; font-size: 13px;\"><span style=\"outline: none; line-height: 17.12px; font-family: arial, helvetica, sans-serif; color: rgb(55, 65, 81); font-size: 12pt;\">Tại Sieuthithitbo.net, chúng tôi hiểu rằng tiện lợi không bao giờ phải là đối thủ của chất lượng. Bắp Hoa Bò Mỹ - Heel Muscle Beef không chỉ tiện lợi cho mọi bữa ăn mà còn đảm bảo giá cả phải chăng.</span></p><p style=\"outline: none; text-align: center; color: rgb(42, 41, 41); font-family: Roboto; font-size: 13px;\"><span style=\"outline: none; line-height: 17.12px; font-family: arial, helvetica, sans-serif; color: rgb(55, 65, 81); font-size: 12pt;\"><img src=\"https://www.sieuthithitbo.net/uploads/files/2023/06/27/ava-ra-dong-1629299347262906441747-0-0-488-780-crop-1629299355245527963569.jpg\" alt=\"Bắp hoa bò Mỹ\" width=\"750\" style=\"outline: none; max-width: 100%; height: auto;\"></span></p>', 1, '2024-08-21 00:00:00.000000', '2024-08-21', NULL),
(14, 'BA CHỈ BÒ MỸ - SHORT PLATE - CẮT CUỘN', '1EBWaa7AmhIsYOKNTe4K3atHQNiir8SVXBr3orxA.png', 300000.00, 140000.00, 4, '<p style=\"outline: none; text-align: center; color: rgb(42, 41, 41); font-family: Roboto; font-size: 13px;\"><span style=\"outline: none; font-size: 14pt;\"><span style=\"font-weight: 700; outline: none; font-family: Roboto-bold;\"><span style=\"outline: none; line-height: 19.9733px; font-family: Arial, &quot;sans-serif&quot;; color: red;\">Ba Chỉ Bò Mỹ - Short Plate - Cắt Cuộn: Sự Tiện Lợi Cho Bữa Ăn Hàng Ngày</span></span></span></p><p style=\"outline: none; text-align: justify; color: rgb(42, 41, 41); font-family: Roboto; font-size: 13px;\"><span style=\"outline: none; font-size: 12pt; line-height: 17.12px; font-family: Arial, &quot;sans-serif&quot;; color: black;\">Khám phá sự tiện lợi của&nbsp;<span style=\"font-weight: 700; outline: none; font-family: Roboto-bold;\">Ba Chỉ Bò Mỹ - Short Plate - Cắt Cuộn</span>&nbsp;từ Sieuthithitbo.net. Sản phẩm thịt bò cao cấp, dễ dàng sử dụng cho mỗi bữa ăn, mang đến trải nghiệm đa dạng và thú vị.</span></p><p style=\"outline: none; text-align: justify; color: rgb(42, 41, 41); font-family: Roboto; font-size: 13px;\"><span style=\"font-weight: 700; outline: none; font-family: Roboto-bold;\"><span style=\"outline: none; font-size: 12pt; line-height: 17.12px; font-family: Arial, &quot;sans-serif&quot;; color: black;\">Tạo Điểm Nhấn Cho Mỗi Bữa Ăn</span></span></p><p style=\"outline: none; text-align: justify; color: rgb(42, 41, 41); font-family: Roboto; font-size: 13px;\"><span style=\"outline: none; font-size: 12pt; line-height: 17.12px; font-family: Arial, &quot;sans-serif&quot;; color: black;\">Chào mừng bạn đến với Sieuthithitbo.net, nơi bạn có thể tạo điểm nhấn cho mỗi bữa ăn với&nbsp;<span style=\"font-weight: 700; outline: none; font-family: Roboto-bold;\">Ba Chỉ Bò Mỹ - Short Plate - Cắt Cuộn</span>. Hãy khám phá cách sản phẩm này mang đến sự tiện lợi cho bữa ăn hàng ngày của bạn.</span></p><p style=\"outline: none; text-align: center; color: rgb(42, 41, 41); font-family: Roboto; font-size: 13px;\"><span style=\"outline: none; font-size: 12pt; line-height: 17.12px; font-family: Arial, &quot;sans-serif&quot;; color: black;\"><img src=\"https://www.sieuthithitbo.net/uploads/files/2023/06/27/ba-chi-bo-my.jpg\" alt=\"ba rọi cuộn\" width=\"750\" style=\"outline: none; max-width: 100%; height: auto;\"></span></p><p style=\"outline: none; text-align: justify; color: rgb(42, 41, 41); font-family: Roboto; font-size: 13px;\"><span style=\"font-weight: 700; outline: none; font-family: Roboto-bold;\"><span style=\"outline: none; font-size: 12pt; line-height: 17.12px; font-family: Arial, &quot;sans-serif&quot;; color: black;\">Dễ Dàng Sử Dụng, Tiện Lợi Tối Đa</span></span></p><p style=\"outline: none; text-align: justify; color: rgb(42, 41, 41); font-family: Roboto; font-size: 13px;\"><span style=\"outline: none; font-size: 12pt; line-height: 17.12px; font-family: Arial, &quot;sans-serif&quot;; color: black;\">Nếu bạn đang tìm kiếm sản phẩm thịt bò dễ dàng sử dụng,&nbsp;<span style=\"font-weight: 700; outline: none; font-family: Roboto-bold;\">Ba Chỉ Bò Mỹ - Short Plate - Cắt Cuộn</span>&nbsp;chắc chắn sẽ thu hút sự quan tâm của bạn. Hãy cùng tôi khám phá tại sao sản phẩm này là lựa chọn hoàn hảo cho bữa ăn hàng ngày.</span></p><p style=\"outline: none; text-align: justify; color: rgb(42, 41, 41); font-family: Roboto; font-size: 13px;\"><span style=\"font-weight: 700; outline: none; font-family: Roboto-bold;\"><span style=\"outline: none; font-size: 12pt; line-height: 17.12px; font-family: Arial, &quot;sans-serif&quot;; color: black;\">Trải Nghiệm Bữa Ăn Đa Dạng</span></span></p><p style=\"outline: none; text-align: justify; color: rgb(42, 41, 41); font-family: Roboto; font-size: 13px;\"><span style=\"outline: none; font-size: 12pt; line-height: 17.12px; font-family: Arial, &quot;sans-serif&quot;; color: black;\">Bạn khao khát trải nghiệm bữa ăn đa dạng và thú vị?&nbsp;<span style=\"font-weight: 700; outline: none; font-family: Roboto-bold;\">Ba Chỉ Bò Mỹ - Short Plate - Cắt Cuộn</span>&nbsp;là lựa chọn hoàn hảo để mang đến hương vị mới mẻ cho mỗi bữa ăn của bạn.</span></p><p style=\"outline: none; text-align: justify; color: rgb(42, 41, 41); font-family: Roboto; font-size: 13px;\"><span style=\"font-weight: 700; outline: none; font-family: Roboto-bold;\"><span style=\"outline: none; font-size: 12pt; line-height: 17.12px; font-family: Arial, &quot;sans-serif&quot;; color: black;\">Đặt Hàng Ngay</span></span></p><p style=\"outline: none; text-align: justify; color: rgb(42, 41, 41); font-family: Roboto; font-size: 13px;\"><span style=\"outline: none; font-size: 12pt; line-height: 17.12px; font-family: Arial, &quot;sans-serif&quot;; color: black;\">Hãy biến ước mơ thành hành động ngay bây giờ bằng cách đặt hàng&nbsp;<span style=\"font-weight: 700; outline: none; font-family: Roboto-bold;\">Ba Chỉ Bò Mỹ - Short Plate - Cắt Cuộn</span>&nbsp;tại Sieuthithitbo.net. Hãy thay đổi cách bạn trải nghiệm ẩm thực hàng ngày.</span></p><p style=\"outline: none; text-align: center; color: rgb(42, 41, 41); font-family: Roboto; font-size: 13px;\"><img src=\"https://www.sieuthithitbo.net/uploads/files/2023/06/27/ba-roi-my-2.jpg\" alt=\"ba rọi cuộn\" width=\"750\" style=\"outline: none; max-width: 100%; height: auto;\"></p><p style=\"outline: none; text-align: justify; color: rgb(42, 41, 41); font-family: Roboto; font-size: 13px;\"><span style=\"font-weight: 700; outline: none; font-family: Roboto-bold;\"><span style=\"outline: none; font-size: 12pt; line-height: 17.12px; font-family: Arial, &quot;sans-serif&quot;; color: black;\">Tìm Kiếm Sự Đa Dạng Trong Bữa Ăn</span></span></p><p style=\"outline: none; text-align: justify; color: rgb(42, 41, 41); font-family: Roboto; font-size: 13px;\"><span style=\"outline: none; font-size: 12pt; line-height: 17.12px; font-family: Arial, &quot;sans-serif&quot;; color: black;\">Bạn có thể cảm thấy khó khăn khi tìm kiếm sự đa dạng trong bữa ăn hàng ngày. Đây có thể là một vấn đề thực sự.</span></p><p style=\"outline: none; text-align: justify; color: rgb(42, 41, 41); font-family: Roboto; font-size: 13px;\"><span style=\"font-weight: 700; outline: none; font-family: Roboto-bold;\"><span style=\"outline: none; font-size: 12pt; line-height: 17.12px; font-family: Arial, &quot;sans-serif&quot;; color: black;\">Khám Phá Sự Đa Dạng Từ Ba Chỉ Bò Mỹ</span></span></p><p style=\"outline: none; text-align: justify; color: rgb(42, 41, 41); font-family: Roboto; font-size: 13px;\"><span style=\"outline: none; font-size: 12pt; line-height: 17.12px; font-family: Arial, &quot;sans-serif&quot;; color: black;\">Không cần phải lo lắng nữa! Hãy khám phá sự đa dạng từ&nbsp;<span style=\"font-weight: 700; outline: none; font-family: Roboto-bold;\">Ba Chỉ Bò Mỹ - Short Plate - Cắt Cuộn</span>, sản phẩm đã sẵn sàng giúp bạn biến những bữa ăn thường ngày thành những trải nghiệm mới mẻ.</span></p><p style=\"outline: none; text-align: justify; color: rgb(42, 41, 41); font-family: Roboto; font-size: 13px;\"><span style=\"font-weight: 700; outline: none; font-family: Roboto-bold;\"><span style=\"outline: none; font-size: 12pt; line-height: 17.12px; font-family: Arial, &quot;sans-serif&quot;; color: black;\">Sự Tiện Lợi Cho Bữa Ăn Hàng Ngày</span></span></p><p style=\"outline: none; text-align: justify; color: rgb(42, 41, 41); font-family: Roboto; font-size: 13px;\"><span style=\"outline: none; font-size: 12pt; line-height: 17.12px; font-family: Arial, &quot;sans-serif&quot;; color: black;\">Với&nbsp;<span style=\"font-weight: 700; outline: none; font-family: Roboto-bold;\">Ba Chỉ Bò Mỹ - Short Plate - Cắt Cuộn</span>, bạn sẽ có trong tay giải pháp cho vấn đề của mình. Sản phẩm này mang đến sự tiện lợi cho bữa ăn hàng ngày của bạn.</span></p><p style=\"outline: none; text-align: center; color: rgb(42, 41, 41); font-family: Roboto; font-size: 13px;\"><img src=\"https://www.sieuthithitbo.net/uploads/files/2023/06/27/ba-r-i-STTB.jpg\" alt=\"ba rọi cuộn\" width=\"750\" style=\"outline: none; max-width: 100%; height: auto;\"></p><p style=\"outline: none; text-align: justify; color: rgb(42, 41, 41); font-family: Roboto; font-size: 13px;\"><span style=\"font-weight: 700; outline: none; font-family: Roboto-bold;\"><span style=\"outline: none; font-size: 12pt; line-height: 17.12px; font-family: Arial, &quot;sans-serif&quot;; color: black;\">Tiện Lợi Và Đa Dạng</span></span></p><p style=\"outline: none; text-align: justify; color: rgb(42, 41, 41); font-family: Roboto; font-size: 13px;\"><span style=\"font-weight: 700; outline: none; font-family: Roboto-bold;\"><span style=\"outline: none; font-size: 12pt; line-height: 17.12px; font-family: Arial, &quot;sans-serif&quot;; color: black;\">Ba Chỉ Bò Mỹ - Short Plate - Cắt Cuộn</span></span><span style=\"outline: none; font-size: 12pt; line-height: 17.12px; font-family: Arial, &quot;sans-serif&quot;; color: black;\">&nbsp;không chỉ đơn thuần là sản phẩm thịt bò, mà còn là cơ hội để thay đổi cách bạn trải nghiệm bữa ăn.</span></p><p style=\"outline: none; text-align: justify; color: rgb(42, 41, 41); font-family: Roboto; font-size: 13px;\"><span style=\"font-weight: 700; outline: none; font-family: Roboto-bold;\"><span style=\"outline: none; font-size: 12pt; line-height: 17.12px; font-family: Arial, &quot;sans-serif&quot;; color: black;\">Giá Trị Cho Trải Nghiệm</span></span></p><p style=\"outline: none; text-align: justify; color: rgb(42, 41, 41); font-family: Roboto; font-size: 13px;\"><span style=\"outline: none; font-size: 12pt; line-height: 17.12px; font-family: Arial, &quot;sans-serif&quot;; color: black;\">Giá trị của&nbsp;<span style=\"font-weight: 700; outline: none; font-family: Roboto-bold;\">Ba Chỉ Bò Mỹ - Short Plate - Cắt Cuộn</span>&nbsp;không chỉ nằm ở sản phẩm mà còn nằm ở trải nghiệm đa dạng và tiện lợi mà nó mang lại cho bạn.</span></p><p style=\"outline: none; text-align: justify; color: rgb(42, 41, 41); font-family: Roboto; font-size: 13px;\"><span style=\"font-weight: 700; outline: none; font-family: Roboto-bold;\"><span style=\"outline: none; font-size: 12pt; line-height: 17.12px; font-family: Arial, &quot;sans-serif&quot;; color: black;\">Trải Nghiệm Tại Nhà</span></span></p><p style=\"outline: none; text-align: justify; color: rgb(42, 41, 41); font-family: Roboto; font-size: 13px;\"><span style=\"outline: none; font-size: 12pt; line-height: 17.12px; font-family: Arial, &quot;sans-serif&quot;; color: black;\">Hãy trải nghiệm tiện lợi và đa dạng tại ngôi nhà của bạn với&nbsp;<span style=\"font-weight: 700; outline: none; font-family: Roboto-bold;\">Ba Chỉ Bò Mỹ - Short Plate - Cắt Cuộn</span>.</span></p><p style=\"outline: none; text-align: justify; color: rgb(42, 41, 41); font-family: Roboto; font-size: 13px;\"><span style=\"font-weight: 700; outline: none; font-family: Roboto-bold;\"><span style=\"outline: none; font-size: 12pt; line-height: 17.12px; font-family: Arial, &quot;sans-serif&quot;; color: black;\">Đặt Hàng Ngay Hôm Nay!</span></span></p><p style=\"outline: none; text-align: justify; color: rgb(42, 41, 41); font-family: Roboto; font-size: 13px;\"><span style=\"outline: none; font-size: 12pt; line-height: 17.12px; font-family: Arial, &quot;sans-serif&quot;; color: black;\">Đặt hàng ngay hôm nay tại Sieuthithitbo.net để tận hưởng trải nghiệm tiện lợi và đa dạng từ&nbsp;<span style=\"font-weight: 700; outline: none; font-family: Roboto-bold;\">Ba Chỉ Bò Mỹ - Short Plate - Cắt Cuộn</span>.</span></p><p style=\"outline: none; text-align: justify; color: rgb(42, 41, 41); font-family: Roboto; font-size: 13px;\"><span style=\"font-weight: 700; outline: none; font-family: Roboto-bold;\"><span style=\"outline: none; font-size: 12pt; line-height: 17.12px; font-family: Arial, &quot;sans-serif&quot;; color: black;\">Ba Chỉ Bò Mỹ - Short Plate - Cắt Cuộn</span></span><span style=\"outline: none; font-size: 12pt; line-height: 17.12px; font-family: Arial, &quot;sans-serif&quot;; color: black;\">&nbsp;sẽ mang đến cho bạn trải nghiệm tiện lợi và đa dạng trong mỗi bữa ăn. Đừng bỏ lỡ cơ hội thay đổi cách bạn thưởng thức thực phẩm hàng ngày.</span></p>', 1, '2024-08-21 00:00:00.000000', '2024-08-21', NULL),
(15, 'BA CHỈ BÒ MỸ - SHORT PLATE - CẮT MỎNG', '7MZtTr8nVAiOZ161CpwDl6egNouo1ErHchwmhkQh.png', 340000.00, 140000.00, 5, '<p style=\"outline: none; text-align: justify; color: rgb(42, 41, 41); font-family: Roboto; font-size: 13px;\"><span style=\"outline: none; font-size: 12pt; font-family: arial, helvetica, sans-serif;\"><span style=\"font-weight: 700; outline: none; font-family: Roboto-bold;\">Ba Chỉ Bò Mỹ - Short Plate - Cắt Mỏng: Một Sự Lựa Chọn Hấp Dẫn cho Bữa Ăn Gia Đình</span></span></p><p style=\"outline: none; text-align: justify; color: rgb(42, 41, 41); font-family: Roboto; font-size: 13px;\"><span style=\"outline: none; font-size: 12pt;\"><span style=\"font-weight: 700; outline: none; font-family: Roboto-bold;\"><span style=\"outline: none; font-family: arial, helvetica, sans-serif;\">Giới Thiệu về Ba Chỉ Bò Mỹ</span></span></span></p><p style=\"outline: none; text-align: justify; color: rgb(42, 41, 41); font-family: Roboto; font-size: 13px;\"><span style=\"outline: none; font-size: 12pt; font-family: arial, helvetica, sans-serif;\"><span style=\"font-weight: 700; outline: none; font-family: Roboto-bold;\">Ba chỉ bò Mỹ</span>, hay còn được biết đến với tên gọi&nbsp;<span style=\"font-weight: 700; outline: none; font-family: Roboto-bold;\">Short Plate</span>, là một phần thịt thơm ngon và giàu dinh dưỡng, trở thành một lựa chọn ưa thích trong các bữa ăn gia đình. Với cấu trúc đặc biệt và hương vị tuyệt vời, ba chỉ bò Mỹ đã trở thành một phần không thể thiếu trong thực đơn hàng ngày của nhiều gia đình.</span></p><p style=\"outline: none; text-align: justify; color: rgb(42, 41, 41); font-family: Roboto; font-size: 13px;\"><span style=\"outline: none; font-family: arial, helvetica, sans-serif; font-size: 12pt;\"><span style=\"font-weight: 700; outline: none; font-family: Roboto-bold;\">Mô tả về cấu trúc, vị trí và đặc điểm của ba chỉ bò Mỹ</span></span></p><h3 style=\"font-family: Roboto-Bold; line-height: 1.8; color: rgb(42, 41, 41); margin: 0pt 0px; font-size: 16px; outline: none; border-bottom: 1px solid rgb(235, 234, 234); padding: 0pt 0pt 15pt; text-align: justify;\"><span style=\"outline: none; font-size: 12pt; font-family: Arial, sans-serif; color: rgb(13, 13, 13); background-color: transparent; font-variant-numeric: normal; font-variant-east-asian: normal; font-variant-alternates: normal; font-variant-position: normal; vertical-align: baseline; white-space-collapse: preserve;\"><span style=\"font-weight: 700; outline: none; font-family: Roboto-bold;\">Ba chỉ bò Mỹ</span>, hay còn được gọi là Short Plate, là một phần của thịt bò có vị trí nằm ở phần dưới của lưng bò, gần phần thân trước. Cấu trúc của ba chỉ bò Mỹ bao gồm một hỗn hợp của thịt và mỡ, tạo nên một tỷ lệ lý tưởng giữa thịt và mỡ, giúp tạo ra vị ngọt tự nhiên và độ mềm mại đặc trưng.</span><span style=\"outline: none; font-size: 12pt; font-family: Arial, sans-serif; color: rgb(13, 13, 13); background-color: transparent; font-variant-numeric: normal; font-variant-east-asian: normal; font-variant-alternates: normal; font-variant-position: normal; vertical-align: baseline; white-space-collapse: preserve;\">Về đặc điểm, ba chỉ bò Mỹ thường có các sợi thịt ngắn và mỡ xen kẽ nhau, tạo nên một hình thức độc đáo và hấp dẫn. Thịt ba chỉ bò Mỹ có màu đỏ tươi, mỡ trắng đồng đều, và có vị ngọt tự nhiên, làm cho mỗi miếng thịt trở thành một trải nghiệm thú vị cho khẩu vị.</span><span style=\"outline: none; font-size: 12pt; font-family: Arial, sans-serif; color: rgb(13, 13, 13); background-color: transparent; font-variant-numeric: normal; font-variant-east-asian: normal; font-variant-alternates: normal; font-variant-position: normal; vertical-align: baseline; white-space-collapse: preserve;\">Do vị trí nằm ở phần dưới của lưng bò, ba chỉ bò Mỹ thường có độ đậm đặc trong hương vị, đồng thời cũng có một chút đàn hồi tự nhiên, tạo điều kiện thuận lợi cho việc chế biến và nấu nướng. Điều này khiến cho ba chỉ bò Mỹ trở thành một nguyên liệu lý tưởng cho nhiều loại món ăn khác nhau từ các món nướng, xào đến các món hầm, lẩu và nấu súp.</span><span style=\"outline: none; font-family: arial, helvetica, sans-serif;\"><br style=\"outline: none;\"><img src=\"https://www.sieuthithitbo.net/uploads/files/2024/04/04/SP000117-PD01694-LG_Ba-Roi-Bo-My-Cat-Mong-1-.png\" alt=\"ba chỉ bò mỹ\" width=\"650\" height=\"600\" style=\"outline: none; max-width: 100%; height: auto; display: block; margin-left: auto; margin-right: auto;\"></span></h3><p style=\"outline: none; text-align: justify; color: rgb(42, 41, 41); font-family: Roboto; font-size: 13px;\"><span style=\"outline: none; font-size: 12pt; font-family: arial, helvetica, sans-serif;\"><span style=\"font-weight: 700; outline: none; font-family: Roboto-bold;\">Tính Năng và Ưu Điểm của Ba Chỉ Bò Mỹ</span></span></p><p style=\"outline: none; text-align: justify; color: rgb(42, 41, 41); font-family: Roboto; font-size: 13px;\"><span style=\"outline: none; font-size: 12pt; font-family: arial, helvetica, sans-serif;\"><span style=\"font-weight: 700; outline: none; font-family: Roboto-bold;\">Ba chỉ bò Mỹ</span>&nbsp;không chỉ là một phần thịt thông thường, mà còn mang đến nhiều tính năng và ưu điểm đặc biệt, làm cho nó trở thành một lựa chọn ưa thích trong bữa ăn gia đình và các sự kiện đặc biệt. Dưới đây là một số tính năng và ưu điểm của ba chỉ bò Mỹ:</span></p><p style=\"outline: none; text-align: justify; color: rgb(42, 41, 41); font-family: Roboto; font-size: 13px;\"><span style=\"outline: none; font-size: 12pt; font-family: arial, helvetica, sans-serif;\">Độ Mềm Mại: Ba chỉ bò Mỹ có cấu trúc thịt mềm mại và dễ cắt, giúp cho việc chế biến trở nên đơn giản và thuận lợi.</span></p><p style=\"outline: none; text-align: justify; color: rgb(42, 41, 41); font-family: Roboto; font-size: 13px;\"><span style=\"outline: none; font-size: 12pt; font-family: arial, helvetica, sans-serif;\">Vị Ngọt Tự Nhiên: Thịt ba chỉ bò Mỹ có hương vị ngọt tự nhiên, không cần nhiều gia vị phức tạp để tăng thêm hương vị.</span></p><p style=\"outline: none; text-align: justify; color: rgb(42, 41, 41); font-family: Roboto; font-size: 13px;\"><span style=\"outline: none; font-size: 12pt; font-family: arial, helvetica, sans-serif;\">Phong Phú về Sử Dụng: Ba chỉ bò Mỹ có thể được sử dụng trong nhiều loại món ăn khác nhau như nướng, xào, luộc, hay thậm chí là chế biến thành các món đặc biệt như sashimi, sukiyaki.</span></p><p style=\"outline: none; text-align: justify; color: rgb(42, 41, 41); font-family: Roboto; font-size: 13px;\"><span style=\"outline: none; font-size: 12pt; font-family: arial, helvetica, sans-serif;\">Dinh Dưỡng Cao: Thịt ba chỉ bò Mỹ chứa nhiều chất dinh dưỡng quan trọng như protein, vitamin B, sắt, và kẽm, giúp cung cấp năng lượng và duy trì sức khỏe.</span></p><p style=\"outline: none; text-align: justify; color: rgb(42, 41, 41); font-family: Roboto; font-size: 13px;\"><span style=\"outline: none; font-size: 12pt; font-family: arial, helvetica, sans-serif;\">Thích Hợp cho Gia Đình: Với độ mềm mại và vị ngọt tự nhiên, ba chỉ bò Mỹ là lựa chọn phổ biến trong các bữa ăn gia đình, đáp ứng được sở thích của cả trẻ em và người lớn.</span></p><p style=\"outline: none; text-align: justify; color: rgb(42, 41, 41); font-family: Roboto; font-size: 13px;\"><span style=\"outline: none; font-size: 12pt; font-family: arial, helvetica, sans-serif;\">Tương Thích với Nhiều Phong Cách Ẩm Thực: Ba chỉ bò Mỹ có thể kết hợp với nhiều loại gia vị và phong cách chế biến khác nhau từ Á đến Âu, từ món Á đậm đà đến món Âu tinh tế.</span></p><p style=\"outline: none; text-align: justify; color: rgb(42, 41, 41); font-family: Roboto; font-size: 13px;\"><span style=\"outline: none; font-size: 12pt; font-family: arial, helvetica, sans-serif;\">Dễ Kiếm và Phổ Biến: Thịt ba chỉ bò Mỹ có sẵn ở nhiều cửa hàng thực phẩm và siêu thị, làm cho việc mua sắm và chuẩn bị cho bữa ăn trở nên thuận tiện hơn.</span></p><p style=\"outline: none; text-align: justify; color: rgb(42, 41, 41); font-family: Roboto; font-size: 13px;\"><span style=\"outline: none; font-size: 12pt; font-family: arial, helvetica, sans-serif;\"><span style=\"font-weight: 700; outline: none; font-family: Roboto-bold;\">Đánh giá về mức độ mềm và ngọt của thịt ba chỉ bò Mỹ</span></span></p><p style=\"outline: none; text-align: justify; color: rgb(42, 41, 41); font-family: Roboto; font-size: 13px;\"><span style=\"outline: none; font-size: 12pt; font-family: arial, helvetica, sans-serif;\">Thịt ba chỉ bò Mỹ thường được đánh giá cao về độ mềm và vị ngọt tự nhiên của nó. Điều này là do cấu trúc cơ bản của ba chỉ bò Mỹ có chứa một lượng mỡ và cơ xương vừa phải, tạo nên sự mềm mại đặc trưng của thịt. Đặc điểm này không chỉ làm cho việc chế biến thịt trở nên dễ dàng mà còn làm tăng thêm sự ngon miệng của món ăn.</span></p><p style=\"outline: none; text-align: justify; color: rgb(42, 41, 41); font-family: Roboto; font-size: 13px;\"><span style=\"outline: none; font-size: 12pt; font-family: arial, helvetica, sans-serif;\">Đối với mức độ mềm, thịt ba chỉ bò Mỹ thường rất mềm và dễ tiêu hóa. Mỗi miếng thịt khi nếm vào đều trải qua quá trình chế biến kỹ lưỡng, giữ cho phần thịt không bị cứng hoặc khó nhai. Điều này tạo cảm giác êm dịu và thoải mái khi thưởng thức, đặc biệt là cho những người có răng yếu hoặc trẻ em.</span></p><p style=\"outline: none; text-align: justify; color: rgb(42, 41, 41); font-family: Roboto; font-size: 13px;\"><span style=\"outline: none; font-size: 12pt; font-family: arial, helvetica, sans-serif;\">Về vị ngọt, thịt ba chỉ bò Mỹ thường có hương vị đặc trưng, tự nhiên ngọt ngào. Sự ngọt tự nhiên này không chỉ đến từ chất lượng của thịt mà còn là do chế biến và cách nuôi trồng thức ăn cho gia súc được quản lý cẩn thận. Khi chế biến với các loại gia vị và mỡ thích hợp, vị ngọt tự nhiên của thịt ba chỉ bò Mỹ càng được nâng cao và tạo ra những món ăn hấp dẫn và độc đáo.</span></p><p style=\"outline: none; text-align: justify; color: rgb(42, 41, 41); font-family: Roboto; font-size: 13px;\"><span style=\"outline: none; font-size: 12pt; font-family: arial, helvetica, sans-serif;\"><span style=\"font-weight: 700; outline: none; font-family: Roboto-bold;\">Thảo luận về cách sử dụng và chế biến ba chỉ bò Mỹ trong các món ăn đặc biệt</span></span></p><p style=\"outline: none; text-align: justify; color: rgb(42, 41, 41); font-family: Roboto; font-size: 13px;\"><span style=\"outline: none; font-size: 12pt; font-family: arial, helvetica, sans-serif;\">Ba chỉ bò Mỹ cắt mỏng là một nguyên liệu đa năng và phong phú, có thể được sử dụng và chế biến trong nhiều món ăn đặc biệt khác nhau, từ những món nướng đơn giản đến những món lẩu phức tạp. Dưới đây là một số thảo luận về cách sử dụng và chế biến ba chỉ bò Mỹ trong các món ăn đặc biệt:</span></p><p style=\"outline: none; text-align: justify; color: rgb(42, 41, 41); font-family: Roboto; font-size: 13px;\"><span style=\"outline: none; font-size: 12pt; font-family: arial, helvetica, sans-serif;\">Sashimi:</span></p><p style=\"outline: none; text-align: justify; color: rgb(42, 41, 41); font-family: Roboto; font-size: 13px;\"><span style=\"outline: none; font-size: 12pt; font-family: arial, helvetica, sans-serif;\">Sashimi là một món ăn Nhật Bản được biết đến với sự tinh tế và ngon miệng. Ba chỉ bò Mỹ cắt mỏng có thể được sử dụng làm nguyên liệu chính cho món sashimi. Hương vị thơm ngon và độ mềm của thịt bò sẽ kết hợp hoàn hảo với sốt wasabi và nước xốt đậm đà.</span></p><p style=\"outline: none; text-align: justify; color: rgb(42, 41, 41); font-family: Roboto; font-size: 13px;\"><span style=\"outline: none; font-size: 12pt; font-family: arial, helvetica, sans-serif;\">Sukiyaki:</span></p><p style=\"outline: none; text-align: justify; color: rgb(42, 41, 41); font-family: Roboto; font-size: 13px;\"><span style=\"outline: none; font-size: 12pt; font-family: arial, helvetica, sans-serif;\">Sukiyaki là một món lẩu truyền thống của Nhật Bản. Ba chỉ bò Mỹ cắt mỏng được thêm vào nồi lẩu cùng với rau cải, nấm và sợi sợi sáng. Thịt bò sẽ thấm đều hương vị của nước lẩu và tạo nên một trải nghiệm ẩm thực đầy hấp dẫn.</span></p><p style=\"outline: none; text-align: justify; color: rgb(42, 41, 41); font-family: Roboto; font-size: 13px;\"><span style=\"outline: none; font-size: 12pt; font-family: arial, helvetica, sans-serif;\">Món Nướng:</span></p><p style=\"outline: none; text-align: justify; color: rgb(42, 41, 41); font-family: Roboto; font-size: 13px;\"><span style=\"outline: none; font-size: 12pt; font-family: arial, helvetica, sans-serif;\">Ba chỉ bò Mỹ cắt mỏng có thể được sử dụng để làm các loại món nướng như bò nướng mỡ hành, bò nướng mỡ hành tỏi, hoặc bò nướng sốt tiêu xanh. Việc chế biến này giữ cho thịt bò mềm và thơm ngon, tạo ra những món ăn ngon miệng cho bữa tiệc gia đình.</span></p><p style=\"outline: none; text-align: justify; color: rgb(42, 41, 41); font-family: Roboto; font-size: 13px;\"><span style=\"outline: none; font-size: 12pt; font-family: arial, helvetica, sans-serif;\">Phở Bò:</span></p><p style=\"outline: none; text-align: justify; color: rgb(42, 41, 41); font-family: Roboto; font-size: 13px;\"><span style=\"outline: none; font-size: 12pt; font-family: arial, helvetica, sans-serif;\">Ba chỉ bò Mỹ cắt mỏng có thể được thêm vào nồi phở để tạo thêm hương vị và dinh dưỡng cho món ăn này. Thịt bò sẽ thấm đều hương vị của nước dùng phở và cung cấp một lớp thịt mềm mại và thơm ngon cho mỗi miếng phở.</span></p><p style=\"outline: none; text-align: justify; color: rgb(42, 41, 41); font-family: Roboto; font-size: 13px;\"><span style=\"outline: none; font-size: 12pt; font-family: arial, helvetica, sans-serif;\">Salad:</span></p><p style=\"outline: none; text-align: justify; color: rgb(42, 41, 41); font-family: Roboto; font-size: 13px;\"><span style=\"outline: none; font-size: 12pt; font-family: arial, helvetica, sans-serif;\">Thịt ba chỉ bò Mỹ cắt mỏng cũng có thể được sử dụng trong các loại salad như salad bò hoặc salad cà chua. Thịt bò sẽ cung cấp một lượng protein giàu dinh dưỡng và hương vị độc đáo cho món salad.</span></p><p style=\"outline: none; text-align: justify; color: rgb(42, 41, 41); font-family: Roboto; font-size: 13px;\"><span style=\"outline: none; font-size: 12pt; font-family: arial, helvetica, sans-serif;\"><img src=\"https://www.sieuthithitbo.net/uploads/files/2024/04/04/SP000117-PD01690-LG_Ba-Roi-Bo-My-Cat-Mong.png\" alt=\"Ba Chỉ Bò Mỹ\" width=\"650\" height=\"600\" style=\"outline: none; max-width: 100%; height: auto; display: block; margin-left: auto; margin-right: auto;\"></span></p><p style=\"outline: none; text-align: justify; color: rgb(42, 41, 41); font-family: Roboto; font-size: 13px;\"><span style=\"outline: none; font-size: 12pt; font-family: arial, helvetica, sans-serif;\"><span style=\"font-weight: 700; outline: none; font-family: Roboto-bold;\">Cách Chế Biến Ba Chỉ Bò Mỹ Cắt Mỏng</span></span></p><p style=\"outline: none; text-align: justify; color: rgb(42, 41, 41); font-family: Roboto; font-size: 13px;\"><span style=\"outline: none; font-size: 12pt; font-family: arial, helvetica, sans-serif;\"><span style=\"font-weight: 700; outline: none; font-family: Roboto-bold;\">Nguyên Liệu Cần Chuẩn Bị:</span></span></p><p style=\"outline: none; text-align: justify; color: rgb(42, 41, 41); font-family: Roboto; font-size: 13px;\"><span style=\"outline: none; font-size: 12pt; font-family: arial, helvetica, sans-serif;\">Ba chỉ bò Mỹ: Chọn những miếng thịt ba chỉ bò Mỹ tươi ngon và mỡ trắng đồng đều.</span></p><p style=\"outline: none; text-align: justify; color: rgb(42, 41, 41); font-family: Roboto; font-size: 13px;\"><span style=\"outline: none; font-size: 12pt; font-family: arial, helvetica, sans-serif;\">Dao sắc hoặc máy cắt thịt: Để cắt thịt mỏng và đồng đều.</span></p><p style=\"outline: none; text-align: justify; color: rgb(42, 41, 41); font-family: Roboto; font-size: 13px;\"><span style=\"outline: none; font-size: 12pt; font-family: arial, helvetica, sans-serif;\">Gia vị: Tuỳ theo món ăn bạn muốn chế biến, có thể sử dụng gia vị như tiêu, muối, hành, tỏi, nước sốt hoặc các loại gia vị ẩm thực khác.</span></p><p style=\"outline: none; text-align: justify; color: rgb(42, 41, 41); font-family: Roboto; font-size: 13px;\"><span style=\"outline: none; font-size: 12pt; font-family: arial, helvetica, sans-serif;\"><span style=\"font-weight: 700; outline: none; font-family: Roboto-bold;\">Cách Chế Biến:</span></span></p><p style=\"outline: none; text-align: justify; color: rgb(42, 41, 41); font-family: Roboto; font-size: 13px;\"><span style=\"outline: none; font-size: 12pt; font-family: arial, helvetica, sans-serif;\">Chuẩn bị thịt: Rửa sạch và lau khô ba chỉ bò Mỹ. Nếu cần, bạn có thể lột lớp mỡ bề mặt để giảm lượng mỡ trong thịt.</span></p><p style=\"outline: none; text-align: justify; color: rgb(42, 41, 41); font-family: Roboto; font-size: 13px;\"><span style=\"outline: none; font-size: 12pt; font-family: arial, helvetica, sans-serif;\">Cắt mỏng: Sử dụng dao sắc hoặc máy cắt thịt để cắt thịt ba chỉ bò Mỹ thành các lát mỏng, có độ dày mong muốn.</span></p><p style=\"outline: none; text-align: justify; color: rgb(42, 41, 41); font-family: Roboto; font-size: 13px;\"><span style=\"outline: none; font-size: 12pt; font-family: arial, helvetica, sans-serif;\">Marinate (tuỳ chọn): Nếu bạn muốn thịt có hương vị đặc biệt hơn, hãy marinade thịt trong một hỗn hợp gia vị yêu thích trong khoảng 30 phút trước khi chế biến. Lưu ý rằng việc marinade cần tuân thủ thời gian và tỉ lệ gia vị phù hợp để không làm mất đi vị ngon tự nhiên của thịt.</span></p><p style=\"outline: none; text-align: justify; color: rgb(42, 41, 41); font-family: Roboto; font-size: 13px;\"><span style=\"outline: none; font-size: 12pt; font-family: arial, helvetica, sans-serif;\">Chế biến: Ba chỉ bò Mỹ cắt mỏng có thể được chế biến thành nhiều món ăn khác nhau như sashimi, sukiyaki, hoặc món lẩu. Tùy thuộc vào món ăn bạn lựa chọn, thịt có thể được nướng, xào, hấp hoặc chiên.</span></p><p style=\"outline: none; text-align: justify; color: rgb(42, 41, 41); font-family: Roboto; font-size: 13px;\"><span style=\"outline: none; font-size: 12pt; font-family: arial, helvetica, sans-serif;\"><span style=\"font-weight: 700; outline: none; font-family: Roboto-bold;\">Lưu Ý:</span></span></p><p style=\"outline: none; text-align: justify; color: rgb(42, 41, 41); font-family: Roboto; font-size: 13px;\"><span style=\"outline: none; font-size: 12pt; font-family: arial, helvetica, sans-serif;\">Nhiệt độ chế biến: Đảm bảo nhiệt độ chế biến phù hợp để thịt được chín đều và không bị khô.</span></p><p style=\"outline: none; text-align: justify; color: rgb(42, 41, 41); font-family: Roboto; font-size: 13px;\"><span style=\"outline: none; font-size: 12pt; font-family: arial, helvetica, sans-serif;\">Thời gian chế biến: Thời gian chế biến tùy thuộc vào độ dày của thịt và loại món ăn bạn chế biến.</span></p><p style=\"outline: none; text-align: justify; color: rgb(42, 41, 41); font-family: Roboto; font-size: 13px;\"><span style=\"outline: none; font-size: 12pt; font-family: arial, helvetica, sans-serif;\">Bảo quản: Bảo quản thịt ba chỉ bò Mỹ cắt mỏng trong tủ lạnh hoặc đóng gói kín để tránh bị oxi hóa và mất đi độ tươi ngon.</span></p><p style=\"outline: none; text-align: justify; color: rgb(42, 41, 41); font-family: Roboto; font-size: 13px;\"><span style=\"outline: none; font-size: 12pt; font-family: arial, helvetica, sans-serif;\"><span style=\"font-weight: 700; outline: none; font-family: Roboto-bold;\">Mẹo Lưu Trữ và Bảo Quản</span></span></p><p style=\"outline: none; text-align: justify; color: rgb(42, 41, 41); font-family: Roboto; font-size: 13px;\"><span style=\"outline: none; font-size: 12pt; font-family: arial, helvetica, sans-serif;\">Bảo quản ba chỉ bò Mỹ là một bước quan trọng để đảm bảo thực phẩm luôn giữ được chất lượng và an toàn cho sức khỏe. Dưới đây là một số mẹo hiệu quả để lưu trữ và bảo quản ba chỉ bò Mỹ một cách tốt nhất:</span></p><p style=\"outline: none; text-align: justify; color: rgb(42, 41, 41); font-family: Roboto; font-size: 13px;\"><span style=\"outline: none; font-size: 12pt; font-family: arial, helvetica, sans-serif;\">Bảo Quản Trong Tủ Lạnh: Ba chỉ bò Mỹ cắt mỏng cần được bảo quản trong tủ lạnh để ngăn chặn sự phát triển của vi khuẩn. Hãy đặt ba chỉ bò Mỹ vào túi hút chân không hoặc bọc kín bằng bìa nylon trước khi đặt vào ngăn mát của tủ lạnh.</span></p><p style=\"outline: none; text-align: justify; color: rgb(42, 41, 41); font-family: Roboto; font-size: 13px;\"><span style=\"outline: none; font-size: 12pt; font-family: arial, helvetica, sans-serif;\">Chia Nhỏ Theo Phần Dùng: Nếu bạn không dùng hết ba chỉ bò Mỹ trong một lần chế biến, hãy chia nhỏ thành các phần vừa đủ trước khi bảo quản. Điều này giúp tiết kiệm không gian và thuận tiện cho việc sử dụng sau này mà không cần phải làm tan đông lại toàn bộ.</span></p><p style=\"outline: none; text-align: justify; color: rgb(42, 41, 41); font-family: Roboto; font-size: 13px;\"><span style=\"outline: none; font-size: 12pt; font-family: arial, helvetica, sans-serif;\">Sử Dụng Túi Hút Chân Không: Túi hút chân không là lựa chọn tốt để bảo quản ba chỉ bò Mỹ cắt mỏng một cách hiệu quả. Loại bỏ không khí trong túi giúp ngăn chặn sự oxi hóa và kéo dài thời gian lưu trữ của thịt.</span></p><p style=\"outline: none; text-align: justify; color: rgb(42, 41, 41); font-family: Roboto; font-size: 13px;\"><span style=\"outline: none; font-size: 12pt; font-family: arial, helvetica, sans-serif;\">Đóng Gói Kín Đáo: Đảm bảo ba chỉ bò Mỹ được đóng gói kín đáo để ngăn chặn sự tiếp xúc với không khí bên ngoài. Sử dụng bọc thực phẩm hoặc bìa nylon đảm bảo không có không khí xâm nhập vào bên trong.</span></p><p style=\"outline: none; text-align: justify; color: rgb(42, 41, 41); font-family: Roboto; font-size: 13px;\"><span style=\"outline: none; font-size: 12pt; font-family: arial, helvetica, sans-serif;\">Bảo Quản Ở Nhiệt Độ Thích Hợp: Đặt ba chỉ bò Mỹ ở phần lạnh của tủ lạnh, nơi có nhiệt độ từ 0 đến 4 độ Celsius. Điều này giữ cho thịt luôn mát và ngăn chặn sự phát triển của vi khuẩn.</span></p><p style=\"outline: none; text-align: justify; color: rgb(42, 41, 41); font-family: Roboto; font-size: 13px;\"><span style=\"outline: none; font-size: 12pt; font-family: arial, helvetica, sans-serif;\">Sử Dụng Nhanh Chóng: Ba chỉ bò Mỹ cắt mỏng thường không nên bảo quản quá lâu. Hãy sử dụng thịt trong thời gian ngắn sau khi mua để đảm bảo hương vị và chất lượng tốt nhất.</span></p>', 1, '2024-08-21 00:00:00.000000', '2024-08-21', NULL);
INSERT INTO `products` (`id`, `name`, `image`, `price`, `sale_price`, `category_id`, `description`, `status`, `created_at`, `updated_at`, `update_at`) VALUES
(16, 'THĂN NỘI BÒ ÚC - TENDERLON - CẮT STEAKkkkk', 'm2MrQ3SbG4ZgNSW7jRGgZzkgL1pu4cdkMElOnOPD.png', 635000.00, 414000.00, 3, '<p style=\"margin-bottom: 15px; font-size: 13px; line-height: var(--tg-body-line-height); color: rgb(42, 41, 41); outline: none; text-align: justify; font-family: Roboto;\"><span style=\"outline: none; font-size: 14pt; font-family: &quot;times new roman&quot;, times, serif;\">Bạn có nhu cầu tìm những nguyên liệu chế biến món ăn ăn giúp bổ sung nhiều chất dinh dưỡng cho gia đình?</span></p><p style=\"margin-bottom: 15px; font-size: 13px; line-height: var(--tg-body-line-height); color: rgb(42, 41, 41); outline: none; text-align: justify; font-family: Roboto;\"><span style=\"outline: none; font-size: 14pt; font-family: &quot;times new roman&quot;, times, serif;\">Hơn thế nữa là những món ăn “sang chảnh” để tiếp đãi khách quý đến nhà chơi?</span></p><p style=\"margin-bottom: 15px; font-size: 13px; line-height: var(--tg-body-line-height); color: rgb(42, 41, 41); outline: none; text-align: justify; font-family: Roboto;\"><span style=\"outline: none; font-size: 14pt; font-family: &quot;times new roman&quot;, times, serif;\">Gia đình bạn biết đến thịt&nbsp;<a title=\"bò Kobe \" href=\"https://www.thitbowagyu.com/nguon-goc-bo-kobe-nhat-ban\" style=\"color: unset; transition: 0.3s ease-out; outline: none; font-weight: bold;\">bò Kobe&nbsp;</a>có thể đáp ứng những nhu cầu trên, nhưng điều bạn lo lắng là:</span></p><p style=\"margin-bottom: 15px; font-size: 13px; line-height: var(--tg-body-line-height); color: rgb(42, 41, 41); outline: none; text-align: justify; font-family: Roboto;\"><span style=\"outline: none; font-size: 14pt; font-family: &quot;times new roman&quot;, times, serif;\">Hiện nay, tình trạng thịt bò giả tràn lan tẩm bằng các loại hóa chất.</span></p><p style=\"margin-bottom: 15px; font-size: 13px; line-height: var(--tg-body-line-height); color: rgb(42, 41, 41); outline: none; text-align: justify; font-family: Roboto;\"><span style=\"outline: none; font-size: 14pt; font-family: &quot;times new roman&quot;, times, serif;\">Giá mắc nhưng chưa chắc mua được bò sạch?</span></p><p style=\"margin-bottom: 15px; font-size: 13px; line-height: var(--tg-body-line-height); color: rgb(42, 41, 41); outline: none; text-align: justify; font-family: Roboto;\"><span style=\"outline: none; font-size: 14pt; font-family: &quot;times new roman&quot;, times, serif;\">=&gt;&nbsp;<span style=\"font-weight: 700; outline: none; font-family: Roboto-bold;\">Thịt Thăn Ngoại Bò Kobe Nhật Bản - Kobe Striploin</span>&nbsp;của&nbsp;<span style=\"font-weight: 700; outline: none; font-family: Roboto-bold;\">Siêu Thị Thịt Bò</span>&nbsp;sẽ là&nbsp;sự lựa chọn hợp lý phải biết!</span></p><p style=\"margin-bottom: 15px; font-size: 13px; line-height: var(--tg-body-line-height); color: rgb(42, 41, 41); outline: none; text-align: justify; font-family: Roboto;\"><span style=\"outline: none; font-size: 18pt; font-family: &quot;times new roman&quot;, times, serif; color: rgb(255, 0, 0);\"><span style=\"font-weight: 700; outline: none; font-family: Roboto-bold;\">Vì sao Thịt Thăn Ngoại Bò Kobe Nhật Bản&nbsp;được ưa chuộng?</span></span></p><p style=\"margin-bottom: 15px; font-size: 13px; line-height: var(--tg-body-line-height); color: rgb(42, 41, 41); outline: none; text-align: justify; font-family: Roboto;\"><span style=\"outline: none; font-size: 14pt; font-family: &quot;times new roman&quot;, times, serif;\"><span style=\"font-weight: 700; outline: none; font-family: Roboto-bold;\">Thịt Thăn Ngoại Bò Kobe Nhật Bản (Kobe Striploin)</span>&nbsp;là phần thịt nằm ở phần cuối của 2 bên dẻ sườn&nbsp;con&nbsp;<a title=\"Bò Kobe\" href=\"https://www.thitbowagyu.com/nguon-goc-bo-kobe-nhat-ban\" style=\"color: unset; transition: 0.3s ease-out; outline: none; font-weight: bold;\">Bò Kobe</a>, đã lọc hết xương sụn. Đây là phần cơ ít vận động của con bò nên nó có ít mỡ dắt và các mô nối, các lớp mỡ và thịt nằm xen kẽ nhau theo tỉ lệ rất hợp lí để tạo hương vị vừa mềm lại không quá béo ngậy tạo nên chất lượng tuyệt hảo cho từng món ăn.</span></p><p style=\"margin-bottom: 15px; font-size: 13px; line-height: var(--tg-body-line-height); color: rgb(42, 41, 41); outline: none; text-align: justify; font-family: Roboto;\"><span style=\"outline: none; font-size: 14pt; font-family: &quot;times new roman&quot;, times, serif;\"><span style=\"font-weight: 700; outline: none; font-family: Roboto-bold;\">Thịt Thăn Ngoại Bò Kobe Nhật Bản</span>&nbsp;của&nbsp;<span style=\"font-weight: 700; outline: none; font-family: Roboto-bold;\">Siêu Thị Thịt Bò</span>&nbsp;được nhập khẩu theo đường chính ngạch, có giấy tờ xuất - nhập khẩu rõ ràng, bảo quản chu đáo, chất lượng rất đảm bảo và tuyệt đối an toàn cho sức khỏe của bạn.</span></p><h2 style=\"margin-top: 0px; margin-bottom: 0.7rem; font-weight: var(--tg-heading-font-weight); line-height: var(--tg-heading-line-height); font-size: 2rem; font-family: Roboto-bold; color: rgb(42, 41, 41); outline: none; text-align: justify;\"><span style=\"outline: none; font-size: 18pt; font-family: &quot;times new roman&quot;, times, serif; color: rgb(255, 0, 0);\"><span style=\"font-weight: 700; outline: none; font-family: Roboto-bold;\">Những món ăn hảo hạng chế biến từ&nbsp;Thịt Thăn Ngoại&nbsp;Bò Kobe Nhật Bản</span></span></h2><p style=\"margin-bottom: 15px; font-size: 13px; line-height: var(--tg-body-line-height); color: rgb(42, 41, 41); outline: none; text-align: justify; font-family: Roboto;\"><span style=\"outline: none; font-size: 14pt; font-family: &quot;times new roman&quot;, times, serif;\">Với những giá trị và chất lượng hảo hạng như vậy, phần thịt này thường được sử dụng để chế biến những món ăn trong các bữa tiệc hay nhà hàng sang trọng. Đôi khi người ta cũng sử dụng chúng làm quà để biếu tặng thực sự rất tuyệt.</span></p><p style=\"margin-bottom: 15px; font-size: 13px; line-height: var(--tg-body-line-height); color: rgb(42, 41, 41); outline: none; text-align: justify; font-family: Roboto;\"><span style=\"outline: none; font-size: 14pt; font-family: &quot;times new roman&quot;, times, serif;\"></span></p><p style=\"margin-bottom: 15px; font-size: 13px; line-height: var(--tg-body-line-height); color: rgb(42, 41, 41); outline: none; text-align: justify; font-family: Roboto;\"><span style=\"outline: none; font-size: 14pt; font-family: &quot;times new roman&quot;, times, serif;\">Một số món ăn mà chúng ta có thể chế biến như nướng, xào, lẩu, hầm, bò lúc lắc, bít tết,… Tôi tin rằng dù là món gì đi chăng nữa thì hương vị sẽ vô cùng hoàn hảo.</span></p>', 1, '2024-08-22 00:00:00.000000', '2024-08-22', NULL);

-- --------------------------------------------------------

--
-- Cấu trúc bảng cho bảng `product_images`
--

CREATE TABLE `product_images` (
  `id` int(11) NOT NULL,
  `image` varchar(100) NOT NULL,
  `product_id` int(11) NOT NULL,
  `status` tinyint(1) DEFAULT 0,
  `created_at` date DEFAULT current_timestamp(),
  `updated_at` date DEFAULT NULL
) ENGINE=InnoDB DEFAULT CHARSET=utf8mb4 COLLATE=utf8mb4_general_ci;

--
-- Đang đổ dữ liệu cho bảng `product_images`
--

INSERT INTO `product_images` (`id`, `image`, `product_id`, `status`, `created_at`, `updated_at`) VALUES
(1, 'rOkY4NLOeXhwicuFVSlymjvGBaWVxEMRnfldkRz8.jpg', 1, 0, '2024-08-21', '2024-08-21'),
(2, '5lLRzQQnGDYIqKb2Ee1GZY34xtTF9CYORF1NdpGC.jpg', 1, 0, '2024-08-21', '2024-08-21'),
(3, '96xNqUdboaMAvvZv6MIkQQ3eAoTnwp4oddq5yYeD.png', 2, 0, '2024-08-21', '2024-08-21'),
(4, 'vTX2VGhUvNw5tCl9uFgypOnyRm7DV97Af0ygfyZS.jpg', 2, 0, '2024-08-21', '2024-08-21'),
(5, 'YMkAigPJyGPRowXZEFq5qxMslKbAJgKKCuqupGdp.png', 2, 0, '2024-08-21', '2024-08-21'),
(6, 'E26RIdVvig3ZDhWy6uc4zl6nW6BRl8riW7Yc8ZbS.jpg', 3, 0, '2024-08-21', '2024-08-21'),
(7, 'SfeOm91pV2Ab7QdnvOTGl309hbCum6M1aCgtWg6W.png', 3, 0, '2024-08-21', '2024-08-21'),
(10, 'LyxZOGu2bUTN6vpEy5urV3DY47Dn4V6PK3MoxEF3.jpg', 5, 0, '2024-08-21', '2024-08-21'),
(11, 'B4it9Zk5nT1x7XgjbdATJpYTDYXD4d0y8LLZkbxy.jpg', 6, 0, '2024-08-21', '2024-08-21'),
(12, 'g81GPlikDvuOBkEvakYehsgpCMr20mJaSEJlMNmq.jpg', 6, 0, '2024-08-21', '2024-08-21'),
(13, 'GoAfoluIj8YE1mvnhEKbLYNMTTP8yhaOk5bbUqof.png', 7, 0, '2024-08-21', '2024-08-21'),
(14, '56HiSe6U65CbMiqGVwNqHBPVMMqK1s3u3xUax3FY.png', 7, 0, '2024-08-21', '2024-08-21'),
(15, 'FVUM6x1sT5W8A1XTk8RhCfdHmBZUi0tWK1NQLyuQ.png', 7, 0, '2024-08-21', '2024-08-21'),
(16, 'tH8mzyaU3MBYG2tQAhYZiWtPKrc5csKtM4yW3j1o.png', 7, 0, '2024-08-21', '2024-08-21'),
(17, '14Jtb0xeyKOH7YYXUCIklx8KsoIwFCLT8BcVvqzt.png', 8, 0, '2024-08-21', '2024-08-21'),
(18, '6XbT9CLlzbzbb6i7Jo4AbSclWo6AedYFvt1nX8Hm.png', 8, 0, '2024-08-21', '2024-08-21'),
(19, 'rarvTb4OQGVqDQVJSFpMAbbrndlBGU3wpNLvsPVk.png', 8, 0, '2024-08-21', '2024-08-21'),
(20, '4dP9xAimh6OuK2lEslJlp5ZZ6e0GqZNx58aTwy6H.jpg', 9, 0, '2024-08-21', '2024-08-21'),
(21, 'UJTJ7fJ7O6cpAGl0LhiuJtUfnPyndLeQA21HSVWy.jpg', 9, 0, '2024-08-21', '2024-08-21'),
(22, 'btuTFRpToPCCgfHKIVJ8kRq3GXzmQ41eZzrWmBCh.jpg', 9, 0, '2024-08-21', '2024-08-21'),
(23, 'hgJBm2SDDS5AGTJZ9Pb7NVaYQ2RYspt5Re0uxIq8.jpg', 10, 0, '2024-08-21', '2024-08-21'),
(24, '7mQaJ1lkowW3xS2xRLecCINirWg1ROMlwhtdGTfv.jpg', 10, 0, '2024-08-21', '2024-08-21'),
(25, 'y68qwYZmUrpsK9Se3qNlLdvzPf1raiudKkTz5ETk.jpg', 10, 0, '2024-08-21', '2024-08-21'),
(26, 'fFJ3ErMe1TF7KB78Tqj35MikvdvkZFCcWEfOYZcm.jpg', 11, 0, '2024-08-21', '2024-08-21'),
(27, 'SKFzn816vP12FXL5xp8ciEKwBlzbWFMX5Q3FnhCJ.jpg', 11, 0, '2024-08-21', '2024-08-21'),
(30, 'OAm30M9FmvNqZBpWyCRN5fHLKr3ddpfNdKL9EaH7.jpg', 13, 0, '2024-08-21', '2024-08-21'),
(31, '6C8aHAADkMoFzm42zgJqTAXvWqckoAPWXbqFyCE0.jpg', 13, 0, '2024-08-21', '2024-08-21'),
(32, 'P8pzZMN5E5xWz467ewzYW0ZXg7cTIQIGZmOhR0gE.jpg', 13, 0, '2024-08-21', '2024-08-21'),
(33, 'QFydBOdDARXHtz3wJU7N49ZXm07ffTHPB8giS4X9.png', 13, 0, '2024-08-21', '2024-08-21'),
(34, 'IDnsJIgwnvjSpAciNNBexdWeWGM0cs0Aqrp0EcRk.jpg', 14, 0, '2024-08-21', '2024-08-21'),
(35, 'ppr76lbTIzaKi3oABLCsr9X4WCaFbyiLvcpy6cRe.jpg', 14, 0, '2024-08-21', '2024-08-21'),
(36, '4Ii4aIUZvyVw0e80czW9R5nU6K7SdDN3gxd0PDcI.jpg', 14, 0, '2024-08-21', '2024-08-21'),
(37, '9wSdk7T2ZLkxkqGiSwBvxvTarIcVEGZ1Qcx1UeNa.png', 15, 0, '2024-08-21', '2024-08-21'),
(38, 'AkzYi04Q6L5BpcDYtppMqmk6EtI8uzDiYT20Ov99.png', 15, 0, '2024-08-21', '2024-08-21'),
(39, 'Ym0mRqhBQRnKSoket0f7k3etBl7aDEEQAhPpk5TN.jpg', 16, 0, '2024-08-22', '2024-08-22'),
(40, 'PwOoEMoZ4p1WunJMetdUFqx2n8kfCCz5xa2aN4MY.jpg', 16, 0, '2024-08-22', '2024-08-22');

-- --------------------------------------------------------

--
-- Cấu trúc bảng cho bảng `users`
--

CREATE TABLE `users` (
  `id` int(11) NOT NULL,
  `name` varchar(100) NOT NULL,
  `email` varchar(100) NOT NULL,
  `password` varchar(200) NOT NULL,
  `created_at` date DEFAULT current_timestamp(),
  `updated_at` date DEFAULT NULL,
  `role` varchar(255) DEFAULT NULL
) ENGINE=InnoDB DEFAULT CHARSET=utf8mb4 COLLATE=utf8mb4_general_ci;

--
-- Đang đổ dữ liệu cho bảng `users`
--

INSERT INTO `users` (`id`, `name`, `email`, `password`, `created_at`, `updated_at`, `role`) VALUES
(1, 'Trần Gia Thế', 'thetg.22ba13293@usth.edu.vn', '$2y$12$4T3h0SkEVH8J9UwZw1z7Be9mWQGHi2RReWiEqqZRpqCl2dtZM0TgK', '2024-08-13', '2024-09-10', 'admin'),
(7, 'Admin', 'admin@gmail.com', '$2y$12$8rPXUIxEx646zjOn7dOdsOJQkZAjnQS.wTjMhcSR2dO0IoDd/R5q.', '2024-08-13', '2025-02-12', 'admin'),
(8, 'Nguyễn Thanh Tùng', '20222052@eaut.edu.vn', '$2y$12$W4sD2mwUP2PI0jL/7YilXeoD9M9m0eZw9w4a.AYPzDYgohxqngKHW', '2024-08-13', '2024-08-13', 'staff'),
(10, 'Nguyễn Văn Trường', '20222051@eaut.edu.vn', '$2y$12$4T3h0SkEVH8J9UwZw1z7Be9mWQGHi2RReWiEqqZRpqCl2dtZM0TgK', '2024-09-05', '2024-09-05', 'admin');

--
-- Chỉ mục cho các bảng đã đổ
--

--
-- Chỉ mục cho bảng `banners`
--
ALTER TABLE `banners`
  ADD PRIMARY KEY (`id`),
  ADD UNIQUE KEY `name` (`name`);

--
-- Chỉ mục cho bảng `blogs`
--
ALTER TABLE `blogs`
  ADD PRIMARY KEY (`id`),
  ADD UNIQUE KEY `name` (`name`);

--
-- Chỉ mục cho bảng `carts`
--
ALTER TABLE `carts`
  ADD PRIMARY KEY (`customer_id`,`product_id`),
  ADD KEY `product_id` (`product_id`);

--
-- Chỉ mục cho bảng `categories`
--
ALTER TABLE `categories`
  ADD PRIMARY KEY (`id`),
  ADD UNIQUE KEY `name` (`name`);

--
-- Chỉ mục cho bảng `comments`
--
ALTER TABLE `comments`
  ADD PRIMARY KEY (`id`),
  ADD KEY `customer_id` (`customer_id`),
  ADD KEY `blog_id` (`blog_id`);

--
-- Chỉ mục cho bảng `contacts`
--
ALTER TABLE `contacts`
  ADD PRIMARY KEY (`id`);

--
-- Chỉ mục cho bảng `customers`
--
ALTER TABLE `customers`
  ADD PRIMARY KEY (`id`),
  ADD UNIQUE KEY `email` (`email`),
  ADD UNIQUE KEY `phone` (`phone`);

--
-- Chỉ mục cho bảng `customer_reset_tokens`
--
ALTER TABLE `customer_reset_tokens`
  ADD PRIMARY KEY (`email`),
  ADD UNIQUE KEY `token` (`token`);

--
-- Chỉ mục cho bảng `favorites`
--
ALTER TABLE `favorites`
  ADD PRIMARY KEY (`id`),
  ADD KEY `customer_id` (`customer_id`),
  ADD KEY `product_id` (`product_id`);

--
-- Chỉ mục cho bảng `migrations`
--
ALTER TABLE `migrations`
  ADD PRIMARY KEY (`id`);

--
-- Chỉ mục cho bảng `orders`
--
ALTER TABLE `orders`
  ADD PRIMARY KEY (`id`),
  ADD KEY `customer_id` (`customer_id`);

--
-- Chỉ mục cho bảng `order_details`
--
ALTER TABLE `order_details`
  ADD PRIMARY KEY (`order_id`,`product_id`),
  ADD UNIQUE KEY `id` (`id`),
  ADD KEY `product_id` (`product_id`);

--
-- Chỉ mục cho bảng `personal_access_tokens`
--
ALTER TABLE `personal_access_tokens`
  ADD PRIMARY KEY (`id`),
  ADD UNIQUE KEY `email` (`email`);

--
-- Chỉ mục cho bảng `products`
--
ALTER TABLE `products`
  ADD PRIMARY KEY (`id`),
  ADD UNIQUE KEY `name` (`name`),
  ADD KEY `category_id` (`category_id`);

--
-- Chỉ mục cho bảng `product_images`
--
ALTER TABLE `product_images`
  ADD PRIMARY KEY (`id`),
  ADD KEY `product_id` (`product_id`);

--
-- Chỉ mục cho bảng `users`
--
ALTER TABLE `users`
  ADD PRIMARY KEY (`id`),
  ADD UNIQUE KEY `email` (`email`);

--
-- AUTO_INCREMENT cho các bảng đã đổ
--

--
-- AUTO_INCREMENT cho bảng `banners`
--
ALTER TABLE `banners`
  MODIFY `id` int(11) NOT NULL AUTO_INCREMENT, AUTO_INCREMENT=5;

--
-- AUTO_INCREMENT cho bảng `blogs`
--
ALTER TABLE `blogs`
  MODIFY `id` int(11) NOT NULL AUTO_INCREMENT, AUTO_INCREMENT=7;

--
-- AUTO_INCREMENT cho bảng `categories`
--
ALTER TABLE `categories`
  MODIFY `id` int(11) NOT NULL AUTO_INCREMENT, AUTO_INCREMENT=9;

--
-- AUTO_INCREMENT cho bảng `comments`
--
ALTER TABLE `comments`
  MODIFY `id` int(11) NOT NULL AUTO_INCREMENT, AUTO_INCREMENT=10;

--
-- AUTO_INCREMENT cho bảng `contacts`
--
ALTER TABLE `contacts`
  MODIFY `id` int(11) NOT NULL AUTO_INCREMENT, AUTO_INCREMENT=3;

--
-- AUTO_INCREMENT cho bảng `customers`
--
ALTER TABLE `customers`
  MODIFY `id` int(11) NOT NULL AUTO_INCREMENT, AUTO_INCREMENT=32;

--
-- AUTO_INCREMENT cho bảng `favorites`
--
ALTER TABLE `favorites`
  MODIFY `id` int(11) NOT NULL AUTO_INCREMENT, AUTO_INCREMENT=34;

--
-- AUTO_INCREMENT cho bảng `migrations`
--
ALTER TABLE `migrations`
  MODIFY `id` int(10) UNSIGNED NOT NULL AUTO_INCREMENT;

--
-- AUTO_INCREMENT cho bảng `orders`
--
ALTER TABLE `orders`
  MODIFY `id` int(11) NOT NULL AUTO_INCREMENT, AUTO_INCREMENT=23;

--
-- AUTO_INCREMENT cho bảng `order_details`
--
ALTER TABLE `order_details`
  MODIFY `id` int(11) NOT NULL AUTO_INCREMENT, AUTO_INCREMENT=33;

--
-- AUTO_INCREMENT cho bảng `personal_access_tokens`
--
ALTER TABLE `personal_access_tokens`
  MODIFY `id` int(11) NOT NULL AUTO_INCREMENT;

--
-- AUTO_INCREMENT cho bảng `products`
--
ALTER TABLE `products`
  MODIFY `id` int(11) NOT NULL AUTO_INCREMENT, AUTO_INCREMENT=18;

--
-- AUTO_INCREMENT cho bảng `product_images`
--
ALTER TABLE `product_images`
  MODIFY `id` int(11) NOT NULL AUTO_INCREMENT, AUTO_INCREMENT=42;

--
-- AUTO_INCREMENT cho bảng `users`
--
ALTER TABLE `users`
  MODIFY `id` int(11) NOT NULL AUTO_INCREMENT, AUTO_INCREMENT=11;

--
-- Các ràng buộc cho các bảng đã đổ
--

--
-- Các ràng buộc cho bảng `carts`
--
ALTER TABLE `carts`
  ADD CONSTRAINT `carts_ibfk_1` FOREIGN KEY (`customer_id`) REFERENCES `customers` (`id`),
  ADD CONSTRAINT `carts_ibfk_2` FOREIGN KEY (`product_id`) REFERENCES `products` (`id`);

--
-- Các ràng buộc cho bảng `comments`
--
ALTER TABLE `comments`
  ADD CONSTRAINT `comments_ibfk_1` FOREIGN KEY (`customer_id`) REFERENCES `customers` (`id`),
  ADD CONSTRAINT `comments_ibfk_2` FOREIGN KEY (`blog_id`) REFERENCES `blogs` (`id`);

--
-- Các ràng buộc cho bảng `favorites`
--
ALTER TABLE `favorites`
  ADD CONSTRAINT `favorites_ibfk_1` FOREIGN KEY (`customer_id`) REFERENCES `customers` (`id`),
  ADD CONSTRAINT `favorites_ibfk_2` FOREIGN KEY (`product_id`) REFERENCES `products` (`id`);

--
-- Các ràng buộc cho bảng `orders`
--
ALTER TABLE `orders`
  ADD CONSTRAINT `orders_ibfk_1` FOREIGN KEY (`customer_id`) REFERENCES `customers` (`id`);

--
-- Các ràng buộc cho bảng `order_details`
--
ALTER TABLE `order_details`
  ADD CONSTRAINT `order_details_ibfk_1` FOREIGN KEY (`order_id`) REFERENCES `orders` (`id`),
  ADD CONSTRAINT `order_details_ibfk_2` FOREIGN KEY (`product_id`) REFERENCES `products` (`id`);

--
-- Các ràng buộc cho bảng `products`
--
ALTER TABLE `products`
  ADD CONSTRAINT `products_ibfk_1` FOREIGN KEY (`category_id`) REFERENCES `categories` (`id`);

--
-- Các ràng buộc cho bảng `product_images`
--
ALTER TABLE `product_images`
  ADD CONSTRAINT `product_images_ibfk_1` FOREIGN KEY (`product_id`) REFERENCES `products` (`id`);
COMMIT;

/*!40101 SET CHARACTER_SET_CLIENT=@OLD_CHARACTER_SET_CLIENT */;
/*!40101 SET CHARACTER_SET_RESULTS=@OLD_CHARACTER_SET_RESULTS */;
/*!40101 SET COLLATION_CONNECTION=@OLD_COLLATION_CONNECTION */;
